active_preference_coverage,actor_attempts,answer_quality,answer_submission_rate,clip_fraction,completion_rate,correct_answer_rate,dynamic_sampling_constant_reward_groups,dynamic_sampling_dropped_groups,dynamic_sampling_generation_batches,dynamic_sampling_kept_groups,effective_steps,efficiency,entropy,environment_steps,exact_repeats,gradient_norm,guard_rejection_rate,guard_rejections,invalid_actions,kl,learning_rate,passive_preference_coverage,phase_transition_score,preference_coverage,public_control_done_rate,reward_valid_rate,search_coverage,semantic_repeats,step,terminal_reward,turn_credit_conservation_error,turn_credit_max,turn_credit_mean,turn_credit_min,turn_credit_negative_count,turn_credit_positive_count,turn_credit_turn_count,turn_credit_zero_count
0.05412423907166584,14,0.19713995533973183,0.5311208874161615,0.21061413140139942,0.17443071856721537,0.17443071856721537,0,2,2,2,13.010562582003576,0.507188951725228,1.400475419555116,13,3,1.1303004082406467,0.04225032801430563,1,1,0.0,1e-06,0.08047825147169627,0.8824526458268693,0.1346024905433621,0.28238645397601286,0.9907886258031546,0.3899117529672533,2,1,0.16918760360764792,5.937398246365612e-11,0.42417526941862677,0.04845439455842722,-0.19908077306229532,8,7,16,5
0.031684089093111,14,0.08315006407862308,0.42255710380675643,0.20693973075635938,0.09504884573003883,0.09504884573003883,0,3,2,3,13.026763523646416,0.4948339257376472,1.497945115398572,13,3,1.1358327478626216,0.10705409458566242,1,1,0.005063395645460286,1e-06,0.04670253421671854,0.8741659594473044,0.07838662330982954,0.21377416730770482,0.995552767446325,0.35346485458592064,1,2,0.09278125001907767,1.0819368774968024e-10,0.4743836942337895,0.02719029605663248,-0.23424305849513985,8,2,16,5
0.08302823385620359,14,0.28961827441376214,0.6499487705457285,0.17149884603096135,0.2779689696212106,0.2779689696212106,0,2,2,3,13.02075940048565,0.5346785085487868,1.4727239785360249,13,3,1.1493259736833836,0.08303760194260296,1,1,0.00016956336203895542,1e-06,0.12132904748109016,0.8661123638768111,0.20435728133729375,0.36588310680750863,0.994562185783751,0.36631417104519487,3,3,0.2654881002598593,2.4883457897432746e-12,0.4239309241203125,0.03652828691474956,-0.18933292083622366,7,7,16,5
0.0969966406334084,14,0.2902024991642467,0.7329017109188826,0.17854867763537235,0.3175267743352889,0.3175267743352889,0,3,2,3,13.02297438943739,0.5063186439079373,1.4563998409063252,13,3,0.8707355301402023,0.09189755774956439,1,2,0.003923188470992402,1e-06,0.1405312311784803,0.8084750884069709,0.2375278718118887,0.35844198453963505,0.9973742751167807,0.5121563617023339,2,4,0.3051610617714692,1.538801176571632e-10,0.37827604254017355,0.03896071420437755,-0.18996906456187584,7,10,16,5
0.11297713383244284,14,0.16867318906485032,0.29739521860207696,0.2567503971981656,0.16884914276542326,0.16884914276542326,1,2,2,3,13.016105664193358,0.46040251574849894,1.4710773948465017,13,4,1.1078459565300909,0.06442265677343237,1,1,0.0032687738075160215,1e-06,0.16230476456957205,0.8578415528524704,0.2752818984020149,0.2793114291352459,0.9918712556091019,0.5571823616315813,3,5,0.1709600571949,7.918042139159372e-11,0.4368798360842952,0.038301250899517386,-0.1945702907531058,11,5,16,5
0.1427127539463568,14,0.200995461536002,0.6221840442708795,0.22099881808085503,0.2558485447295049,0.2558485447295049,0,2,2,3,13.013435747878237,0.4881051965550355,1.4797517478331332,13,4,0.9815220087395873,0.0537429915129445,1,2,0.001046361999800635,1e-06,0.2033224202113741,0.8350356156155837,0.3460351741577309,0.3671893213120123,0.9951047945889118,0.4956814724422317,1,6,0.2571037830843737,1.4854368386962622e-10,0.484465485536303,0.05524962906350489,-0.20659586710669173,7,6,16,4
0.12388541271047125,14,0.11504816958750363,0.5669564563961548,0.2239569592226314,0.08289953669067486,0.08289953669067486,0,3,2,2,12.027338731204381,0.5201338108412057,1.496020175347324,12,4,1.3034869519766519,0.10935492481752482,2,2,0.005830381252958132,1e-06,0.1750617496830925,0.780328598319657,0.2989471623935637,0.21695433937481198,0.9955968261995788,0.598896029983034,2,7,0.09582897543973742,9.485745892674166e-11,0.47852803011644895,0.05897911639543994,-0.23106247926394036,9,2,16,6
0.08603974184966706,14,0.026231467890858076,0.48086253561680636,0.16284433328022874,0.06923689482807954,0.06923689482807954,0,3,2,2,13.018442495761038,0.565151623541594,1.4297117714013017,13,3,1.2112634999278258,0.07376998304415358,1,1,0.0032764673802471713,1e-06,0.12061326279065186,0.8517845136486037,0.20665300464031894,0.20376335743476698,0.9940675399323714,0.5143592491665028,2,8,0.0824262445674826,8.000890046440232e-11,0.5264794081652503,0.06100324444140068,-0.2055695694556696,11,2,16,5
0.055569934036092936,14,0.1726884829838487,0.587585857926172,0.2025007814982508,0.21569034144406826,0.21569034144406826,0,3,2,3,14.004899500297185,0.5089906122405724,1.4366096537293447,14,3,1.2040561251136852,0.019598001188738466,0,1,0.007395220397696313,1e-06,0.0772940712336597,0.8916988485631709,0.13286400526975262,0.3229545354007324,0.995102374565406,0.47379431442705056,1,9,0.2109978419229188,3.422988125356771e-10,0.4757908577267017,0.04142097440452096,-0.19879268055387225,8,6,16,5
0.045904374671645806,14,0.049432254842213676,0.38460879100185075,0.2390803513047326,0.04630457617831474,0.04630457617831474,0,3,2,2,13.011257157207416,0.4944918285962787,1.4870764311203364,13,3,1.1434953836596446,0.04502862882966426,1,2,0.008418176822392112,1e-06,0.0633672874445187,0.8198352988369055,0.1092716621161645,0.2534726803570866,0.9922747776258015,0.4964880711200384,3,10,0.054428462983498835,6.821170099224771e-11,0.49678392974318814,0.038515484334704655,-0.19235715578147033,11,2,16,6
0.16171284063866267,14,0.15767123843665914,0.41832350317874023,0.21594398479121246,0.15008997357156378,0.15008997357156378,0,3,2,2,13.01052755311008,0.536119635765316,1.5182898066208494,13,3,1.2417662391573576,0.04211021244032202,1,2,0.008226914990999146,1e-06,0.22159673996273402,0.8240150696985898,0.3833095806013967,0.23506968539270942,0.9940304603233092,0.5803517856627934,4,11,0.16560401381774748,1.0951859949965639e-10,0.4193046967243328,0.02286186444214286,-0.23906162237041478,10,4,16,4
0.03578624133314109,14,0.12469451282010961,0.5118907586144409,0.20301030019840047,0.13662030863067331,0.13662030863067331,0,2,2,3,14.005828434200563,0.5267118998088439,1.397493202349655,14,3,1.2753580958124644,0.02331373680224945,0,1,0.00854554122261453,1e-06,0.04869162125392549,0.8967359594483152,0.08447786258706658,0.3575291831137942,0.9972632473272985,0.549372808513664,2,12,0.13738027535572084,5.393753808971546e-11,0.3880045749781551,0.031566443666970166,-0.17571573431561605,11,1,16,4
0.14247719293561573,14,0.2513428016884972,0.5916642207880183,0.2005882274107961,0.3275846718190649,0.3275846718190649,0,2,2,4,14.000264629494005,0.5619962948949538,1.5146933825024291,14,3,1.2879987194381435,0.001058517976016804,0,1,0.0064643893721077535,1e-06,0.19254060643662702,0.9161292045084536,0.33501779937224274,0.39991811839316616,0.9908072230597246,0.49190612120398813,2,13,0.3223843708318066,1.357865801522829e-10,0.5221513758313994,0.06045201092292457,-0.16911624947819165,8,8,16,5
0.14309618655697331,15,0.2548112171341867,0.4719759861559372,0.25034229173350714,0.18225448944324452,0.18225448944324452,0,2,2,3,15.0,0.41849627440950316,1.4668269156788065,15,4,1.260242983119391,0.0,0,1,0.010531839457888383,1e-06,0.19211938416680457,0.8668191966159116,0.3352155707237779,0.23234796386337211,0.9939952988221668,0.4842300964814587,3,14,0.1912117703940369,1.3602438662885323e-11,0.38462048726441556,0.038073586515832744,-0.2057097132410038,10,4,17,4
0.011903970066526322,15,0.2888985439034892,0.6985397648580769,0.2809619419958405,0.33367137363325033,0.33367137363325033,0,3,2,3,14.010039536689762,0.3683414513688357,1.5162279088727604,14,4,1.1337814036185876,0.04015814675904854,1,2,0.007998279409187507,1e-06,0.0158831197159163,0.8271632846034958,0.027787089782442626,0.39568006603281436,0.9918846893406866,0.49914077354346265,3,15,0.30646982610229206,4.074114873729278e-11,0.3973895276292763,0.04878253423543242,-0.20466893780277204,10,10,17,4
0.08695774309685077,15,0.24496686583691277,0.6462055476060132,0.24064184252026155,0.24344668608136932,0.24344668608136932,0,2,2,3,14.009161057553548,0.4637775909643272,1.3835652731371473,14,3,1.0690050880787945,0.036644230214193815,1,1,0.009000028959846185,1e-06,0.11534396352030785,0.8962492569402593,0.2023017066171586,0.3514190166283984,0.9940031995728084,0.587168307702525,3,16,0.23848525883624322,1.6780389790301963e-10,0.47253063140222,0.0415428544129942,-0.20495456200625722,9,7,17,5
0.12109602969431686,14,0.25961946092914306,0.792834684551731,0.2254167887483302,0.3677454914412538,0.3677454914412538,0,2,2,3,14.006159323839611,0.5301123425962897,1.4968836954919356,14,3,1.0441418301542202,0.02463729535844772,0,2,0.010328885962333409,1e-06,0.1597377607506986,0.8240224325510896,0.28083379044501544,0.3601765726552021,0.9996759298281449,0.73312392242533,2,17,0.35489194413315206,1.6263105779821696e-10,0.4736780625004843,0.06129432880769455,-0.22659527067156743,7,12,16,4
0.10245399589911162,14,0.19619880247689078,0.4659416539794706,0.2248028091183334,0.21630947308836362,0.21630947308836362,0,2,2,3,13.01834859074122,0.5018549945542555,1.4281142030149596,13,3,1.1332385928025752,0.07339436296488247,1,1,0.007151222488770101,1e-06,0.13444739744716816,0.8977889259055649,0.23690139334627977,0.30864647324771627,0.9970193006591488,0.6261665078935996,2,18,0.21655866119947775,1.0539302200906053e-10,0.41345628482494845,0.04478240363005873,-0.21044775132394059,9,6,16,5
0.10337581948865625,14,0.10374606586556002,0.38759802683775235,0.22072903178598738,0.08506142639484993,0.08506142639484993,1,3,2,3,14.005931683099746,0.4325201575316027,1.4592616207575304,14,3,1.3147531640033823,0.0237267323989853,0,1,0.013738354322443422,1e-06,0.13500470016941485,0.8627271491090063,0.23838051965807108,0.2453774499815165,0.9950552530502985,0.49929566967222516,2,19,0.09830760979985267,5.026631305970518e-11,0.4586308462083309,0.0534728920513528,-0.1831435797898103,9,1,16,4
0.19651793613939955,14,0.1574709096784233,0.6386286983993666,0.25786648589634376,0.21599816131650484,0.21599816131650484,0,2,2,2,14.002533226823125,0.4089409334866123,1.5018251969593932,14,5,1.2390247135453312,0.010132907292500007,0,2,0.019411194699036124,1e-06,0.2555080665437757,0.8225641973549342,0.4520260026831753,0.20211645607828918,0.9997026787643459,0.5832400576450634,2,20,0.23023117898118578,1.8525188410644432e-10,0.3523355512170824,0.040380611474978095,-0.17659133517210673,10,4,16,5
0.2525798184624847,14,0.2546781453093471,0.5901941167914757,0.24123197335808622,0.27195289238770537,0.27195289238770537,0,3,2,2,14.004435660243612,0.5058867559774102,1.44202799803383,14,3,1.1650370141501127,0.017742640974446028,0,1,0.01442603900171964,1e-06,0.3270729767948094,0.8944254754090054,0.5796527952572941,0.30234610495680747,0.9911387081717042,0.6267291243512073,3,21,0.2868650665552504,1.0992547775936599e-10,0.47631743945492355,0.04681680884198358,-0.2347048295289283,9,9,16,5
0.07110823798254723,14,0.23789487574861432,0.5500013502852404,0.22514579827386705,0.24023825977703248,0.24023825977703248,1,3,2,3,14.002371676814072,0.5628078551639011,1.5050841764124157,14,4,1.1913887979825144,0.00948670725628633,0,1,0.020108121150721556,1e-06,0.09174559168193729,0.9439728797774006,0.16285382966448453,0.35684069155165216,0.9899565411441958,0.5109054469008173,2,22,0.2394620800879043,9.631149939494424e-11,0.4055805746200386,0.038435602799213896,-0.2640789750361123,8,7,16,5
0.15721670951476127,14,0.24304607755344282,0.6733383916187544,0.23221125253303065,0.2460332680079814,0.2460332680079814,0,2,2,3,14.00675297992747,0.48082891702314295,1.51794623416905,14,4,1.1233866343336085,0.027011919709881056,0,1,0.018570304563218513,1e-06,0.20219157676211838,0.8940044707103753,0.35940828627687965,0.309282170164966,0.9937267502605658,0.5646724276189554,2,23,0.24950032503249323,1.7972741768110234e-10,0.5215319852056487,0.04283366560893359,-0.20899284169218915,7,7,16,4
0.10019550930423972,14,0.060849913668590196,0.4103317666277323,0.1471972980121501,0.09704227118548062,0.09704227118548062,0,3,2,2,13.016841156101403,0.47992651829913324,1.4366164722693304,13,3,1.211063145574084,0.06736462440561647,1,1,0.02038742565623612,1e-06,0.12849763355265098,0.9641995034817878,0.22869314285689069,0.29903313393392683,0.996792296529607,0.5672672229115634,1,24,0.11045048862282936,3.25945590631456e-10,0.4101645908555625,0.056071632270810114,-0.183680819853633,10,2,16,5
0.03259921908578328,14,0.18711388644040472,0.6458916284439065,0.244642993324018,0.22240543759548953,0.22240543759548953,0,2,2,2,13.01408251444616,0.539150879669649,1.4190069521839317,13,4,1.2811453110736877,0.05633005778464491,1,1,0.018642494384056955,1e-06,0.04170836892338009,0.9289330073984609,0.07430758800916337,0.3502379628236717,0.9928907871450467,0.6266921800309654,2,25,0.22094345726743492,2.927390353861014e-10,0.4079328547572502,0.07234912996872236,-0.1731752936983435,7,6,16,5
0.2328613302254477,14,0.24796858414866843,0.8015291738916633,0.1881552476089173,0.3110582359371473,0.3110582359371473,0,3,2,3,13.013028895196982,0.5093237202007483,1.4410035738502536,13,3,1.035117333885985,0.05211558078792923,1,1,0.01929384700002154,1e-06,0.29735266118314735,0.8854456265791025,0.530213991408595,0.3872503604099304,0.9962330188969178,0.6027143355499698,1,26,0.31592238228092984,1.1535513378706826e-10,0.4500928768425104,0.06478705471702856,-0.20314866399098458,6,9,16,6
0.07619497627016109,14,0.2978779005458971,0.7572299125216818,0.19194388159422257,0.3138825291644037,0.3138825291644037,1,3,2,3,13.021463934871086,0.47046415221140303,1.4399192751783603,13,3,1.1194507645047524,0.08585573948434667,1,1,0.01945149580256647,1e-06,0.09715177555470145,0.9624329769795894,0.17334675182486253,0.42936972712310617,0.9956744873859972,0.5905882329756194,2,27,0.3038439786442519,2.5052286430445404e-10,0.42348931148417474,0.038789786247943964,-0.19627009390784197,8,9,16,5
0.10457990036640676,14,0.1267865830036591,0.5302242047585095,0.2008680246475921,0.12267520528703653,0.12267520528703653,1,3,2,2,14.00391320629424,0.46325238795907153,1.4096195154495197,14,5,1.198851741122161,0.01565282517695441,0,1,0.019827749726460786,1e-06,0.1332035421717091,0.9283843319891802,0.23778344253811587,0.22533157017580224,0.9932350435936476,0.6134220234619795,1,28,0.14182217094294144,1.266331811605992e-10,0.46078594126339106,0.06157858611446394,-0.20408694671993735,10,5,16,6
0.12561889446365299,14,0.1967930235447583,0.46972747839194295,0.17348373327143168,0.2308469984061778,0.2308469984061778,0,2,2,2,14.0052698028222,0.4572588956084494,1.4021590896674372,14,4,1.304094164956215,0.02107921128880179,0,1,0.02059903282942211,1e-06,0.15990426657356,0.9630400458240365,0.285523161037213,0.3611267817162064,0.9987699303419993,0.5581310303255396,3,29,0.23422200193907633,1.520012750269475e-10,0.39454165633726884,0.04788213802950121,-0.181836591279184,10,8,16,4
0.18063489935799654,14,0.1904356613937957,0.6668631086222432,0.12863340462203737,0.21342732470773218,0.21342732470773218,0,2,2,3,13.014355455130346,0.5160531074860697,1.4423161459246403,13,3,1.1334363812443633,0.05742182052138529,1,1,0.019804373703326862,1e-06,0.22990020261870078,0.8711671246662028,0.4105351019766973,0.2894153560103265,0.9943945742575232,0.6493410770035466,2,30,0.2249020291471175,2.160214185947477e-10,0.4308999582568182,0.03824325594206156,-0.2378646246875329,9,8,16,6
0.1512190984692043,14,0.05249176742324872,0.4242702827494094,0.14699854138813626,0.03744547004879811,0.03744547004879811,1,3,2,2,13.015077100087654,0.617996468103847,1.400481304930325,13,4,1.2156013889682322,0.060308400350610886,1,1,0.0202500166094227,1e-06,0.19251837788967444,0.8674642563127541,0.34373747635887875,0.2554242443266915,0.9904572503616613,0.7752217101520573,1,31,0.0643272456021504,1.1536545422209066e-10,0.4159981245361313,0.05200706414730467,-0.16372604550100445,12,1,16,6
0.16143154607891233,14,0.32188827745689785,0.6757621094024024,0.18685019842789424,0.3585890115223772,0.3585890115223772,0,3,2,4,13.021465497832278,0.5521711548716463,1.3675837153302786,13,4,1.0686836793301764,0.08586199132911126,1,1,0.02140147184134986,1e-06,0.20567273694380625,0.8745065629788366,0.3671042830227186,0.41829104705238945,0.995113871405697,0.6747376294901951,4,32,0.35089355071374606,4.021520839990333e-11,0.4229679696952579,0.030585510723332546,-0.2045593398159751,8,8,16,5
0.2218938774998519,14,0.23836467001449668,0.5749625642687414,0.16329951823406053,0.2565543979397644,0.2565543979397644,0,3,2,3,13.01024447814809,0.4654605759750515,1.4360040006973092,13,4,1.0852707749934865,0.04097791259236171,1,1,0.023724229857830997,1e-06,0.28304174064154736,0.8698207292701988,0.5049356181413993,0.33156452529692093,0.9919556861274899,0.7961862449720274,2,33,0.27097510260541885,4.264491402209828e-10,0.46810796622617834,0.0372681010815759,-0.2096275926080131,8,7,16,5
0.13962327937855862,14,0.19833946951939718,0.6241087653527224,0.1350432232835321,0.24370123595409368,0.24370123595409368,0,2,2,3,14.002941698680928,0.500496525417808,1.3988380401995686,14,4,1.013255624531659,0.011766794723713943,0,2,0.02423534360834655,1e-06,0.17839084935505448,0.7937104359584988,0.3180141287336131,0.2549020766415524,0.9930402272748801,0.6850421657273728,3,34,0.2501250258319131,2.0772397561484395e-10,0.35844075910082895,0.037252124918919834,-0.23966631422323809,10,7,16,7
0.17741822149201122,14,0.3563242363338975,0.7534249711805383,0.10419385962887012,0.3661312248258033,0.3661312248258033,0,2,2,3,13.010100883992871,0.44525883550360734,1.3992440182002543,13,3,0.9850171575878485,0.04040353597148603,1,1,0.023532766569311355,1e-06,0.22715034912512302,0.8433224747892211,0.40456857061713425,0.448467628271347,0.9958181564106168,0.6337076985958494,3,35,0.3619156318198338,4.103416835284734e-10,0.3699488257648976,0.04501699361959393,-0.17540274950182463,4,11,16,5
0.08947229776445657,14,0.21282977640585166,0.5127489038940982,0.15220596211254647,0.2322871128558744,0.2322871128558744,0,3,2,3,13.012136883292667,0.3978239078734582,1.4740076397081852,13,4,1.0782380317122366,0.048547533170667116,1,2,0.02388965430950548,1e-06,0.11483988658552889,0.798877662694552,0.20431218434998547,0.3547927687635075,0.9923893115368715,0.6604114345481411,2,36,0.22737189405030334,1.9955132781284477e-10,0.3596801715783709,0.05419328118382701,-0.23555243454748329,9,5,16,5
0.13986302125669925,14,0.12889798755464033,0.5686340474446078,0.14563120841939778,0.12564240436169444,0.12564240436169444,0,3,2,2,14.007552672603923,0.4489650947327774,1.3898545594597689,14,4,1.2052347185913361,0.030210690415694273,0,1,0.023592082445246097,1e-06,0.18004527835066975,0.8788613942693109,0.319908299607369,0.1608338872357863,0.9960842838445413,0.745206522044242,2,37,0.14590441815786803,2.2958956181959987e-10,0.464886120797211,0.028693306993273077,-0.1688897019380885,12,3,16,5
0.024949321673586124,14,0.06879586425947139,0.4318830025053082,0.13038560674828809,0.09483008607266277,0.09483008607266277,0,3,2,2,13.016620231879628,0.4945024222557282,1.3572617546985288,13,4,1.2112897595305745,0.06648092751850933,1,1,0.02994228580379039,1e-06,0.03222512480414117,0.8677258740398915,0.05717444647772729,0.24341808337261742,0.9935156749503019,0.5484324915806227,2,38,0.09424657668277849,2.3860102505187885e-10,0.41899506529567404,0.009655195284702569,-0.1808710863910758,11,3,16,5
0.09997101051363734,14,0.06308928812370397,0.2587877193520639,0.1845135407684398,0.0849942388405224,0.0849942388405224,0,3,2,3,13.02256088081274,0.4576002535909518,1.3459674726452842,13,3,1.1564489982512907,0.09024352325096513,1,1,0.025535638303884802,1e-06,0.1296121013350175,0.884538241341967,0.22958311184865482,0.29604774646084386,0.9941534898095996,0.7182971089859952,2,39,0.10240155068219171,3.4155540680222605e-11,0.48265033389763246,0.03910007860700253,-0.23411865767929546,9,3,16,5
0.1417738817275064,14,0.2995263722483419,0.6755835223344786,0.14726716279610766,0.33141228492615016,0.33141228492615016,0,3,2,3,14.007581832355408,0.4440091030810358,1.3933096411352808,14,3,1.1087457102908151,0.030327329421633954,0,1,0.0267349616668642,1e-06,0.18457701176019523,0.9256712566448971,0.32635089348770163,0.4545947366299588,0.9945374345434641,0.6307288331011527,1,40,0.32696682573927077,2.0175503650254176e-10,0.4621063399783867,0.04182464276298184,-0.20301500170929376,7,9,16,5
0.08579057777748829,15,0.09440205505114976,0.4648771758396872,0.17764067837333425,0.17071558373064358,0.17071558373064358,1,3,2,2,14.011631058544934,0.45800322290370366,1.371029289364526,14,3,1.050127093031274,0.04652423417973441,1,2,0.03277991489213328,1e-06,0.11220196741073134,0.8597613069623472,0.19799254518821963,0.28574835859135506,0.9942785162394799,0.6905991640890196,3,41,0.17976285721840032,1.9520136600469343e-10,0.3972739042544196,0.03757998596808762,-0.20584580749785347,9,6,17,6
0.09395150341779429,15,0.05418181389406612,0.46993374039654945,0.18945542053420256,0.0837123255674534,0.0837123255674534,0,3,2,2,14.01233490009791,0.4421075048958073,1.3669698023938315,14,4,1.1106687614643962,0.049339600391636915,1,1,0.028476680928748888,1e-06,0.12348338914508966,0.9471750252347718,0.21743489256288395,0.27886212031340973,0.9920112826309124,0.6266127199305219,2,42,0.10039421992130362,4.216425161372974e-10,0.4686230653827746,0.02437423355628226,-0.18008250682301905,13,1,17,5
0.12271548240756136,14,0.09747679751157953,0.6252370429877874,0.17048176728464204,0.12265179078743324,0.12265179078743324,1,2,2,2,13.023236897010682,0.45575305506359715,1.3813092686271027,13,4,1.13194184837338,0.09294758804272588,1,1,0.029994139034709096,1e-06,0.16214625779096833,0.8803596968479144,0.2848617401985297,0.33224832299202384,0.9997010029640366,0.6311645969769982,2,43,0.13897779465530002,8.900305512979656e-11,0.4271118437004825,0.038526476463193605,-0.19487786122926057,10,2,16,3
0.1510784875832138,14,0.07535334197458443,0.5916936832540318,0.16303345714070724,0.09318153867108037,0.09318153867108037,1,3,2,2,13.013456585357472,0.44513030913971097,1.3770686512591042,13,4,1.1670537246287158,0.053826341429891594,1,1,0.0332340509608616,1e-06,0.2007547334615335,0.8558855525115514,0.3518332210447473,0.2362521298716467,0.993607640835669,0.5615350395343492,3,44,0.11179302654315189,2.6008662232570368e-11,0.4172957795992076,0.025567146239791297,-0.16893216016517995,12,2,16,7
0.09788295708041712,15,0.06481981267066879,0.43697344120494774,0.15300078503792672,0.09630008005711689,0.09630008005711689,0,3,2,2,14.014535803905073,0.4180752487097939,1.4220911302283779,14,5,1.1045124762759124,0.05814321562029167,1,1,0.03463647416322493,1e-06,0.13084955864567183,0.912747151256049,0.22873251572608894,0.3000634008364139,0.9940778004038668,0.7222348894069055,3,45,0.11152133613839063,2.413124308286071e-10,0.44642711957064973,0.030173510458069788,-0.21306256075111613,11,3,17,6
0.1541233156544456,15,0.1565913419456576,0.4440553429888535,0.20030895571255236,0.14301650899164986,0.14301650899164986,0,3,2,2,13.02538594934203,0.38701237258837146,1.3196296157952812,13,4,1.1462614331420593,0.10154379736812455,2,1,0.02786485444008279,1e-06,0.20733621462259816,0.8784555713085793,0.36145953027704375,0.2750790209742874,0.9936080615296005,0.7106497181486082,3,46,0.15822009440107773,2.4541998416901974e-10,0.40892012296139874,0.02149536162936002,-0.23150792118633778,10,4,17,6
0.16914131478847103,14,0.14388535431781635,0.44924823518100093,0.12131015760274044,0.23732084335455642,0.23732084335455642,0,2,2,3,13.01011801093071,0.5113660789844212,1.33064454524789,13,4,1.0525979272117878,0.04047204372284463,1,1,0.032351680504134145,1e-06,0.22905017265186894,0.892527887346866,0.39819148744034,0.3733931825713243,0.9919446703716095,0.6628560605545966,1,47,0.25056809756896364,3.3579678349084575e-10,0.43410756516989585,0.014887849986141488,-0.18741966099025292,10,7,16,4
0.14151205601404704,14,0.13924293097600735,0.46525029813362256,0.19489806208788452,0.1823096378784007,0.1823096378784007,1,3,2,2,13.018367250338239,0.4017096666360161,1.3525731407636568,13,4,0.9812430375455817,0.07346900135295703,1,2,0.029120675044679332,1e-06,0.19296271419100605,0.8300895773714179,0.3344747702050531,0.34831792316752325,0.9938649526287616,0.6023054352372892,1,48,0.19240830042069418,1.556786157870325e-10,0.36182409676980115,0.044001243070389086,-0.17482612077745346,7,5,16,5
0.1825767248173096,14,0.3089922657339553,0.6123721959890192,0.1861302183927317,0.3324048020138244,0.3324048020138244,1,3,2,3,13.013849083222576,0.47447353234763445,1.304254258133358,13,3,0.7970996530494715,0.055396332890305655,1,1,0.02819806631257986,1e-06,0.25075031498411393,0.8829699444521439,0.4333270398014235,0.3688486261435356,0.9952207833813441,0.6744028722167346,3,49,0.33461537700368416,1.4610971984982798e-11,0.42447573062948313,0.020634575992762066,-0.24768298210076742,8,10,16,4
0.1953154417166269,14,0.4111900677865402,0.8677281026715756,0.13221507078825234,0.4004781069105229,0.4004781069105229,1,3,2,3,13.01206981890866,0.4713953452495843,1.327254611687448,13,4,0.9334298620427302,0.04827927563464174,1,2,0.03175546800279223,1e-06,0.2702450040071966,0.7959646336464489,0.46556044572382355,0.3850520446498682,0.9947167002293198,0.7624642492692117,4,50,0.39639462896956845,2.634274405380457e-10,0.44318138709413757,0.005097188524531008,-0.1381171224087771,8,9,16,5
0.09324659270916723,14,0.01011877997198804,0.49092190666072383,0.15967184252475802,0.03571423726594963,0.03571423726594963,0,3,2,2,13.011179226916378,0.47170360217165663,1.3160297575777904,13,4,1.024088930764659,0.044716907665508725,1,1,0.03775064194545559,1e-06,0.13001082290351465,0.8659056634050121,0.22325741561268186,0.23261300127220408,0.998212828086562,0.5794821046024283,4,51,0.05105972895538061,2.1035307489113386e-10,0.446078742954064,0.029404582504047448,-0.14598536006148152,11,1,16,4
0.1935745787417472,15,0.3532920843764892,0.8360362014764054,0.17110602959764223,0.36637729395023577,0.36637729395023577,0,3,2,3,13.02837719713457,0.46069069474149393,1.2843320220104335,13,4,0.799878908339555,0.11350878853828189,2,2,0.029585438914157658,1e-06,0.27202696913385715,0.8457181702095905,0.46560154787560437,0.3799140746314238,0.9965315228049949,0.8050666997967655,2,52,0.36269085486599467,1.537616989475081e-11,0.4141624680338213,0.01376152469782331,-0.19297087535416146,8,11,17,6
0.18790695285867118,14,0.09418580964964116,0.47293484304093064,0.17041155014912926,0.07142136593701248,0.07142136593701248,0,3,2,2,13.02151672821447,0.4211709783455327,1.3569987371059342,13,4,0.9642253587184901,0.08606691285787772,1,2,0.03100473000808445,1e-06,0.266198884844619,0.7472994993273279,0.45410583770329016,0.18821240717594073,0.9929326279679078,0.69963608767068,3,53,0.0953018520692934,3.423990197818535e-10,0.4005260903868294,0.03192052028182612,-0.19826791703635438,11,2,16,6
0.11110627532045804,15,0.34421174780990677,0.6640085117826017,0.14964790720391544,0.33260796389962777,0.33260796389962777,1,2,2,3,14.013413647080975,0.39144169660368905,1.2905902857149423,14,4,0.8836865940192457,0.05365458832390224,1,1,0.034303981169372236,1e-06,0.15869932609373794,0.8787993785000534,0.26980560141419596,0.37201035765814733,0.9956185890825395,0.6400857334068751,3,54,0.32740219672822646,1.855717045101355e-10,0.36071722409421025,0.038147212154673225,-0.19636811494256556,10,10,17,5
0.22583277102922883,14,0.12294160435162874,0.5362596742795213,0.17191111810586032,0.144937629811158,0.144937629811158,0,2,2,3,14.00665222021396,0.4899776188398286,1.2970192091226411,14,4,0.9189397430554365,0.026608880855840393,0,2,0.03617252746167125,1e-06,0.3252823123851306,0.7936236516289169,0.5511150834143594,0.26796418305430847,0.9935904249981075,0.74918025393733,3,55,0.1716387025562209,7.771237056483794e-11,0.3872633093142627,0.01958470707105943,-0.23499245579785386,10,5,16,4
0.10319796536454029,14,0.26647519228504635,0.503167343200336,0.18034700586929944,0.34502043292706736,0.34502043292706736,0,3,2,3,13.02070218056767,0.4840123940817383,1.30244914484528,13,5,0.7713073489157976,0.08280872227068038,1,1,0.03390557587992459,1e-06,0.1499117927357288,0.8589204794455214,0.2531097581002691,0.3598835817128778,0.9940919610537393,0.6111695164837565,2,56,0.33192389677887496,1.755442189151839e-10,0.40367364627678853,0.014246310324312353,-0.21113719686801655,7,12,16,6
0.11550147525346308,14,0.21290622174881463,0.6101764753665603,0.21342303485950767,0.24469424963419995,0.24469424963419995,0,2,2,2,13.009839489911709,0.43280004189359095,1.3707164789054018,13,4,0.9910190210264557,0.039357959646834605,1,2,0.03598582958895597,1e-06,0.16923402526735185,0.7390660169711969,0.2847355005208149,0.3029873895822177,0.9963643253739656,0.7257160671402226,3,57,0.24270753727944833,3.1173335650076813e-10,0.4302294378671701,0.02381548297970924,-0.2170592261485055,8,7,16,5
0.16999879527724837,15,0.20275236470064276,0.5932074014588911,0.19841443838770667,0.1921149447797184,0.1921149447797184,0,3,2,3,14.02289061452158,0.41427027676254397,1.2939359297227926,14,3,0.8216916341887799,0.09156245808632585,1,2,0.037635498076115784,1e-06,0.2512556095354935,0.7854654236289124,0.42125440481274185,0.31450323557992954,0.997863939667384,0.657522113185851,3,58,0.19849771463528512,5.094656239285075e-11,0.3829208946610553,0.024019527276329517,-0.21755000492502916,10,6,17,6
0.18928497432409766,15,0.2487125711152245,0.6310793980820962,0.19809355730786782,0.3095443342077433,0.3095443342077433,0,2,2,3,14.01770676472145,0.4068247289542119,1.301811980941562,14,4,0.9287613382601846,0.07082705888579713,1,2,0.037140726187137214,1e-06,0.28221490298286955,0.8110675334880635,0.4714998773069672,0.38625615638564065,0.9916739811392193,0.7514072332410624,3,59,0.3160311799708744,1.0081814862894105e-10,0.49858634309058947,0.011547414452614261,-0.21497135909780618,6,10,17,6
0.13817751759950997,15,0.20784179402864392,0.7303667812419637,0.21014533835920624,0.30829975077755956,0.30829975077755956,0,2,2,4,12.041888998133144,0.35290210182740495,1.2986912675001896,12,4,1.1220237666215176,0.1675559925325772,3,2,0.034774002734194336,1e-06,0.20783031626684423,0.7850276238199738,0.3460078338663542,0.39515689770794904,0.9910099329438972,0.5364633632372299,4,60,0.29322562520653334,2.08510927793931e-10,0.38798039276318264,0.036928072274891,-0.18695222021422178,8,8,17,5
0.2500108361547002,14,0.2439569082910263,0.6999139472200748,0.21223842460606915,0.2713977956717359,0.2713977956717359,0,3,2,4,13.021808598732125,0.42198157000229763,1.362715481988494,13,3,0.8646365877010562,0.08723439492850153,1,2,0.03991346921053594,1e-06,0.3793512424182398,0.7597950649720188,0.62936207857294,0.25201448485407296,0.9898657607717105,0.7487777971048957,3,61,0.2865535808432126,1.6230458659880814e-10,0.39258236261881063,0.01325292281098263,-0.21768103058474847,7,8,16,5
0.11830985364844301,14,0.014596163979368578,0.3853086626717815,0.24093570922362004,0.0016647248587701169,0.0016647248587701169,0,4,2,2,12.039493720552693,0.42033099752959785,1.2800228363608785,12,4,0.980424505405218,0.15797488221076994,2,2,0.040762276791589204,1e-06,0.18109555140297354,0.7544056670311582,0.29940540505141655,0.18577556630476466,0.9914814778018743,0.7293384945998572,2,62,0.021135129324942107,3.538107275799632e-10,0.3591720260490341,0.034811823163581584,-0.2653717790600992,11,0,16,4
0.21851942287881268,15,0.17417649821644152,0.5692465655242138,0.2754267936520499,0.22621989635974066,0.22621989635974066,0,3,2,3,13.037882926462618,0.42612035306360463,1.3461151892972092,13,3,0.838062947960967,0.1515317058504763,2,2,0.04011835666490589,1e-06,0.3374144223359235,0.848408443769045,0.5559338452147362,0.4188820072847569,0.9923228438639923,0.7578294969093562,2,63,0.24261540646015917,2.1077928834739993e-10,0.4649242785096394,0.03927631347836801,-0.21202669418829226,8,7,17,6
0.16050112929366042,15,0.19693205788063448,0.6328315744119288,0.23169091496175537,0.24446849243791965,0.24446849243791965,1,3,2,3,13.025995029794235,0.3631002884141661,1.3216258836387467,13,4,0.9696771644363268,0.10398011917694051,2,2,0.04079359038032386,1e-06,0.249983001816508,0.7948064978442451,0.41048413111016846,0.28719298893399214,0.9946183441084167,0.7744361449266076,3,64,0.25077570090256646,2.8941485753785004e-10,0.4249015342922995,0.014888032184491504,-0.1727228651099791,7,6,17,4
0.06291721467284984,14,0.06954807735942371,0.2930878101621299,0.2609847017453073,0.03349861711086238,0.03349861711086238,0,3,2,3,13.009746036273695,0.42564358612738556,1.2983523222358944,13,3,1.0194419933613628,0.03898414509478267,1,2,0.03507545891755571,1e-06,0.0988376124420386,0.6954343866317354,0.16175482711488845,0.1954505976483208,0.9950327239404267,0.7757570311328978,3,65,0.045702828979939804,1.3018152534355756e-10,0.35891552182283926,0.02946211018667943,-0.17918274690465885,9,2,16,3
0.1528877401174158,15,0.13106677085399765,0.5053946738646665,0.23711803630086192,0.15090554645258317,0.15090554645258317,0,3,2,3,14.011415936568422,0.40149093265164,1.3958719116235703,14,4,0.9131630873268097,0.045663746273689514,1,1,0.040469225967385065,1e-06,0.24221271551498702,0.8581070401485026,0.3951004556324028,0.21816765399396051,0.9940562409093009,0.7705853355145272,1,66,0.17085603612540365,1.073557262985677e-10,0.38910296320490145,0.037519200067564956,-0.21098207400959343,12,5,17,5
0.20227066213917483,14,0.17558576661419822,0.48557854624522967,0.26416449637510037,0.18156183794456093,0.18156183794456093,1,2,2,2,12.029008588452628,0.45999042913701294,1.2891358082002982,12,2,0.8750971848403287,0.11603435381050924,2,2,0.039179771046832054,1e-06,0.32312419486089605,0.7988971678574766,0.5253948570000709,0.31983432799246847,0.996065401719171,0.605137498764862,3,67,0.19973982904440896,4.9954717326455684e-11,0.46558571951205696,-0.002318399166468997,-0.1880466790826773,11,6,16,4
0.19380782296960486,15,0.1291378136382938,0.48664823155728804,0.24366914350651825,0.16719746987401796,0.16719746987401796,1,3,2,2,13.040309139027023,0.4001337171991047,1.352152731569881,13,5,0.9027871323361736,0.16123655610809662,2,2,0.0425428717839185,1e-06,0.3121409229793067,0.823571005471026,0.5059487459489115,0.22691778694532205,0.9937034991419518,0.6742416764927919,3,68,0.17791554913856616,1.8956573703975274e-10,0.3235980229742323,0.01597490931038099,-0.19009498747540274,10,6,17,7
0.1239563779068335,15,0.2050686708713932,0.720032645999808,0.26737384197839414,0.22373354680492255,0.22373354680492255,0,2,2,3,13.031559932954202,0.3282901288735324,1.3300503604237044,13,4,0.8650050948676749,0.12623973181681322,2,2,0.039061787510656275,1e-06,0.20123869561636742,0.7548569207927832,0.32519507352320093,0.38445516805704666,0.9986373289691257,0.7048453166962093,3,69,0.2264731940786752,2.344224699124734e-10,0.40357119095344307,0.04466322638427559,-0.25573352360399976,7,6,17,6
0.17844559231907958,14,0.3437423655349903,0.6928179061451014,0.27545327809126485,0.4202169533564246,0.4202169533564246,0,3,2,3,12.032505962537707,0.44359892968064485,1.3473579093047852,12,3,0.8585010062879131,0.13002385015082477,2,2,0.04413788923007682,1e-06,0.2919591286186965,0.7260637893128664,0.47040472093777613,0.42357399458597944,0.9951393248960645,0.6488787515135668,3,70,0.40381676116019055,2.7091488457143834e-10,0.4147375958957372,0.02677392746651193,-0.162599406616983,7,12,16,5
0.04720543967137403,15,0.2988799584561284,0.5600640895168632,0.28089661212791284,0.33280984824564164,0.33280984824564164,1,2,2,4,13.025465641388202,0.40494127308466166,1.3855631741776746,13,4,0.9136616702988662,0.10186256555280689,2,2,0.03748559523289839,1e-06,0.07781843997658446,0.7896795773242662,0.12502387964795847,0.34802581462913745,0.9866582312486712,0.8239550128928114,3,71,0.30943971227063205,8.218322630134907e-12,0.5071969220828464,0.035814226437195035,-0.19524441943617168,8,10,17,5
0.11965126271759151,15,0.2065042558297004,0.5632209330525193,0.267924733887181,0.2766942022934123,0.2766942022934123,1,2,2,2,13.031010868050304,0.3769027517714261,1.36622413553879,13,3,0.9079123118157283,0.12404347220121675,2,2,0.046576122270593275,1e-06,0.19868864956304044,0.8204575595638277,0.31833991228063196,0.3532533068899462,0.9955448785659239,0.713036094874339,3,72,0.2699649840379781,3.1796267791840987e-10,0.5124405435339999,0.025427871441445375,-0.19341549336978056,10,8,17,4
0.1952237139243701,14,0.13118848967355098,0.39804319660544396,0.21550597568814567,0.15462738811002286,0.15462738811002286,0,3,2,2,13.022334673353875,0.4665363470673006,1.3118073940379955,13,3,1.081298124713444,0.08933869341550181,1,1,0.04601767268174606,1e-06,0.3264640697929153,0.8850924435490558,0.5216877837172854,0.24144994270299383,0.9912521085563792,0.7566859412667181,3,73,0.1801996902426147,2.7985847355266206e-10,0.42342097766666686,0.016172161091627398,-0.16058599159770637,9,4,16,5
0.10300833711853252,14,0.1841374984788199,0.5244465249505048,0.21164723335418348,0.19123860519695385,0.19123860519695385,1,3,2,2,12.031506524820042,0.46449540234862563,1.3556867718186218,12,4,0.8790112680327969,0.1260260992801695,2,2,0.03389485185107388,1e-06,0.17341831854100695,0.8022842831950829,0.27642665565953944,0.2261881794342014,1.0,0.7639418077866791,3,74,0.19582655689196277,4.2521226654824105e-11,0.375759892781439,0.029332467346732317,-0.20039929387534922,9,3,16,5
0.18756103820734696,15,0.1163183735229428,0.46905016561074925,0.2283222017933278,0.16565448188167237,0.16565448188167237,0,2,2,2,14.018757995297575,0.39517773488640545,1.3909029979810976,14,4,0.9670085937472109,0.07503198119030224,1,2,0.03999467248777835,1e-06,0.3177964342535961,0.8314383422466669,0.5053574724609431,0.30451329655581144,0.9996388574862659,0.8379162653351305,3,75,0.18890116031821783,2.146684625476423e-10,0.4261505247762148,0.02444508810918328,-0.19409683539437247,11,6,17,4
0.14197522049260622,15,0.19569911975083976,0.5492337571102516,0.29092899584934934,0.2218323982194722,0.2218323982194722,0,3,2,2,12.044544361588715,0.40844926008105625,1.3527544787920398,12,4,0.928807377099844,0.17817744635486066,3,2,0.04486964350080504,1e-06,0.2420239865473173,0.7311403997318654,0.3839992070399235,0.2537849680096006,0.9977089545309954,0.7275236539537541,3,76,0.2198993756062142,1.256011945849575e-10,0.37156518787995607,0.02227742131689631,-0.15132609622566331,9,8,17,5
0.13040167222208382,15,0.2103796131206453,0.43674853940212166,0.2914751996614844,0.16700193228110502,0.16700193228110502,0,3,2,2,14.022833461792922,0.3459813249492954,1.3442699563401155,14,4,0.9696581987725383,0.09133384717168852,1,1,0.047966013492840034,1e-06,0.2235713677215307,0.8551205054937615,0.3539730399436145,0.1793353179384669,0.9960085068278653,0.7240563556359374,3,77,0.17720605098222802,3.988301603390372e-10,0.4530617865851338,0.03461252122869334,-0.20836943746033315,11,5,17,4
0.1310921081866592,14,0.11000051788757258,0.40756630667320093,0.21883825194218917,0.19424092907420998,0.19424092907420998,0,2,2,2,13.024895654767686,0.45639896712235545,1.3168546126786942,13,4,0.9306733884049876,0.09958261907074321,1,2,0.046062178987945776,1e-06,0.2259627629545616,0.810990877394331,0.3570548711412208,0.3153706448659462,0.9982153594669493,0.7421160773490064,3,78,0.20149219415305883,4.3743405482445405e-11,0.3944597975482474,0.04897157235746366,-0.2230623246430228,10,6,16,4
0.12040638577216091,14,0.23466672903778973,0.612117457229233,0.23290062629296945,0.2443291991817577,0.2443291991817577,1,2,2,3,12.035993341450515,0.5134840366145255,1.2927921644149638,12,4,0.8098770571560523,0.14397336580206319,2,2,0.043009459036687875,1e-06,0.20857880887863176,0.7750912784326337,0.3289851946507927,0.3052752688851973,1.0,0.7516417300364502,2,79,0.24234434436167,1.6434440894802814e-10,0.4364014308142843,0.026367168624810967,-0.22476837777066172,10,7,16,5
0.09925394644134161,15,0.14251688037262356,0.5185656274367971,0.2217163088978622,0.15343673938518373,0.15343673938518373,0,3,2,2,13.02788141299467,0.40994871614913114,1.3655895878216766,13,4,1.0006531035844928,0.11152565197868122,2,2,0.05001679509581813,1e-06,0.17272498724793184,0.7764932836807373,0.27197893368927345,0.2449050777122992,0.9936480658771225,0.6979451804868296,3,80,0.15741333510042066,1.2520029230151253e-10,0.44441730052624573,0.04816405054310357,-0.19252134108788538,10,2,17,4
0.14598960306830125,15,0.15786042740802123,0.5091063533112667,0.27538383800276,0.16695216521134193,0.16695216521134193,0,2,2,3,13.039481059451738,0.39719255669820686,1.4151695920771736,13,4,0.8980852908891693,0.15792423780695272,2,2,0.04311670657364527,1e-06,0.25511517218499463,0.8126588068132624,0.4011047752532959,0.26269547771545293,0.9958469282753966,0.7417778143159794,2,81,0.17438491757504668,8.315103327134488e-12,0.4793708668817936,0.035318841541009484,-0.22893585242046224,10,4,17,4
0.12793196216957592,15,0.1986411182935531,0.5857353424558611,0.25278309510571384,0.21593152605834282,0.21593152605834282,0,3,2,3,15.005288652329876,0.39436271791682487,1.3672544481848683,15,6,0.9831811805479309,0.021154609319501153,0,2,0.04836723137822389,1e-06,0.2243959621306609,0.7906268666732549,0.35232792430023685,0.2610649653560892,0.9957696977054381,0.7404635808658321,3,82,0.225814526541561,2.8590736440491438e-11,0.4099662075418326,0.0417611324412695,-0.19221648441915798,11,7,17,5
0.15513159050926656,15,0.2742033544320593,0.5088415454805251,0.28657163901490323,0.2674400325158124,0.2674400325158124,1,3,2,3,13.030003948307195,0.37799965516614087,1.396248076475146,13,3,0.9245749160104665,0.12001579322878257,2,2,0.04901131357097266,1e-06,0.2730030037671219,0.855978640857138,0.42813459427638845,0.3558547343957801,0.9979598806775964,0.750184643222594,2,83,0.2702457758030624,2.862649322519184e-11,0.44417891968761797,0.05768507155544749,-0.2338684305590953,8,10,17,6
0.09416428756282202,14,0.1247479358749715,0.4616557002550654,0.20891194120780415,0.10323467583986763,0.10323467583986763,1,3,2,3,13.023613795533953,0.44612956968113765,1.383185288514069,13,3,1.094598753725337,0.09445518213580696,1,2,0.045841706780271246,1e-06,0.1661841941330497,0.7626757507595459,0.2603484816958717,0.26927584060317794,0.9930013701735095,0.7083256095412384,4,84,0.11279310403730064,7.9628868956254e-12,0.4397890695350721,0.03703435338663737,-0.22761800807971777,13,2,16,5
0.16619459865750652,15,0.2171045754151475,0.5187629344985898,0.21721540898580957,0.17945303828432482,0.17945303828432482,0,2,2,3,14.014955041966635,0.40129895123936943,1.360305791822829,14,2,0.9906661801791501,0.05982016786653915,1,2,0.05077276528283784,1e-06,0.29400717505027235,0.8309521901281065,0.46020177370777887,0.28658059510918976,0.9889452509466383,0.6331622098992485,2,85,0.19457166118931596,3.5372310307707936e-11,0.39150104187690893,0.026863108248049376,-0.1961122648459702,10,5,17,7
0.10542642752018608,14,0.16552182615797592,0.6283965365525257,0.18782772506681414,0.23659279421240306,0.23659279421240306,0,2,2,3,13.01728163743278,0.47217179125655634,1.3717692647394653,13,4,1.1053008438697798,0.06912654973112096,1,2,0.04598957469192601,1e-06,0.18686415562453465,0.8191328771841843,0.29229058314472073,0.27944113723374475,0.9957596818590938,0.6781113610313927,4,86,0.23455041131129156,1.0612491914415825e-10,0.4240383669931316,0.03771659733613092,-0.17696023475479644,10,7,16,6
0.042304678132004246,15,0.1435174207310376,0.5834396492406746,0.20511750656369476,0.26729464948221965,0.26729464948221965,1,2,2,2,13.040311639636649,0.3869977718052497,1.4194688041888246,13,3,0.8957859570800167,0.16124655854659597,2,1,0.048080154252980255,1e-06,0.07509235282866142,0.8618917308377605,0.11739703096066567,0.34608915116784467,0.9879750819690335,0.6648695480477078,3,87,0.24675732377668402,8.60808667950374e-11,0.43627423006257704,0.04883627363326441,-0.23485609247816314,10,7,17,5
0.06436451463352115,14,0.2364504587095498,0.6238636292697132,0.181770001505472,0.32700625353363166,0.32700625353363166,0,3,2,3,14.008543473113853,0.4164509793606328,1.3634070363795185,14,4,1.0839757304543904,0.034173892455417076,0,1,0.04872939589724371,1e-06,0.11436099883010027,0.9175114109624043,0.17872551346362142,0.3978262758757267,0.9935053075045815,0.6786200357889162,2,88,0.316238922500203,2.5716096526065674e-10,0.40998067977438085,0.03296209976972611,-0.24644045803584375,8,9,16,4
0.13272784632854848,14,0.09612043843585583,0.3786294947079445,0.19285934380289335,0.11307867278218814,0.11307867278218814,0,3,2,3,13.019908645891665,0.46668920256904606,1.3204579316665697,13,4,1.0012473768649854,0.07963458356666048,1,1,0.05259161833217014,1e-06,0.23594435371324488,0.8655400018526884,0.36867220004179335,0.3301011639087575,0.9921559588341909,0.6307700014956072,4,89,0.1334904974969034,2.1279078095234194e-10,0.4123943335621855,0.05278877875177166,-0.2662469680264544,10,5,16,7
0.19949457625756892,14,0.19845442643169803,0.5738567561601705,0.1806284232042637,0.21366087550921029,0.21366087550921029,0,2,2,3,13.024236647503344,0.43926757359564594,1.3228973320748494,13,4,1.0064098091248355,0.09694659001337252,1,2,0.0506228980920251,1e-06,0.3546386172146542,0.8082468317262561,0.5541331934722231,0.25597874293159834,0.9897323861766251,0.837391535961962,4,90,0.23582266697643983,2.723867597560993e-10,0.38768007522993403,0.0243830948916039,-0.1949801769848968,10,5,16,5
0.1851393594512986,15,0.24363961074567775,0.6501256696540184,0.1945683099048329,0.26088835488943196,0.26088835488943196,0,3,2,3,14.019721471179135,0.39768833418924276,1.2991453666442272,14,4,1.1188953710900864,0.07888588471653908,1,2,0.052375259536974625,1e-06,0.32896700934780804,0.8446711099085745,0.5141063687991066,0.3903090391258554,0.992751683401908,0.7166812242816568,4,91,0.2743389498725876,5.974856429195199e-11,0.4457956564225965,0.04944545034074754,-0.18253796195056052,9,6,17,5
0.08605498812223099,15,0.1609786709287363,0.5394968103213758,0.23920373297840206,0.21970318626066157,0.21970318626066157,0,2,2,2,14.008481843658181,0.3751960241104677,1.3762909426766097,14,3,1.3009165663421978,0.033927374632721934,1,2,0.05254168500345987,1e-06,0.15276371182995477,0.7925786752222153,0.23881869995218574,0.35478658197570395,0.9964844058315201,0.7581860332350484,2,92,0.2205840405703263,2.5217167754429583e-10,0.47064832737786444,0.05834166726328817,-0.1493053089362939,9,7,17,6
0.18984934727798383,15,0.10434806428914523,0.4872433684000164,0.19437440184245222,0.14437346777427384,0.14437346777427384,1,3,2,3,15.005967171868583,0.3692636511621651,1.3050611042045699,15,4,1.1360386692564168,0.023868687474334405,0,1,0.04938609243830811,1e-06,0.3365402617937161,0.8981419569749443,0.5263896090717,0.24111563712610104,0.9945521370984713,0.7519175406733202,3,93,0.174034604804231,9.783701090982454e-11,0.3621889577155657,0.052707048395855605,-0.19669708518228585,9,5,17,7
0.11706347836574331,15,0.2200905155639812,0.5839959561030535,0.19233831787429842,0.31212949969971815,0.31212949969971815,1,3,2,3,13.035931996365205,0.4135917046631446,1.3319055307388254,13,4,1.1426588633067145,0.14372798546081844,2,2,0.054024903110701135,1e-06,0.20712296973775973,0.790904507620398,0.32418644810350306,0.3987302311829283,0.9924061383483236,0.6468351452760928,4,94,0.3016610621990582,1.1458688810202056e-10,0.4060596916465814,0.054391467429982125,-0.23430498227496066,8,7,17,5
0.11794657459014148,14,0.36837607006539663,0.7365126370396226,0.1973815756699565,0.38204823119376374,0.38204823119376374,1,3,2,3,12.031187543750914,0.4098227302417481,1.3250424029629209,12,4,0.9901394970973141,0.1247501750036544,2,2,0.049434816094156744,1e-06,0.20819430226261515,0.7232457606138503,0.3261408768527566,0.35866137828004463,0.9960642387712834,0.7430236447846353,3,95,0.362591296982876,2.837535722585314e-10,0.425696613286872,0.028507040235727296,-0.2040477593835205,8,12,16,6
0.17353686934527882,14,0.1826202799597258,0.5568077503110072,0.1597446968533235,0.30548601541386355,0.30548601541386355,1,2,2,3,13.023023314300294,0.42520284737726155,1.3354900374417702,13,2,1.128916888162483,0.09209325720117752,1,2,0.056002669044024504,1e-06,0.3054589851002327,0.7994518211754316,0.47899585444551157,0.4053296887679124,0.9949152953916359,0.730579762248277,3,96,0.30359009768189404,7.613498210601412e-11,0.43349812359054996,0.05129801382836116,-0.18741046712993648,7,8,16,4
0.1463534258745817,14,0.2418914201447706,0.7561535617468578,0.13159549645400162,0.28026015231066276,0.28026015231066276,0,3,2,2,13.010663346441913,0.4208538938379258,1.3155777853791373,13,4,1.1737580426438927,0.042653385767650716,1,1,0.0529238961872691,1e-06,0.2567713059288944,0.9518768420298374,0.40312473180347613,0.3770648508710278,0.9950810241475482,0.6656956990737687,2,97,0.2890332252750912,1.2139745365769636e-11,0.4244578766272376,0.05675124121648385,-0.21074480686075828,9,9,16,3
0.1601414328616251,15,0.22137734395996114,0.548071949635245,0.17968965643074244,0.27011256467753,0.27011256467753,1,3,2,3,15.0,0.3725498454402535,1.3234301268178081,15,3,0.9439317910543095,0.0,0,1,0.052564816180051474,1e-06,0.2799232734397638,0.8658237912352791,0.44006470630138894,0.3163812510416176,0.9927951637908384,0.8060546201593324,2,98,0.28068125080838024,2.948882435325784e-10,0.414007060054612,0.05103552302186679,-0.1856566724308898,9,7,17,5
0.14256408311784063,15,0.1601899773629744,0.5924531923646879,0.2306949667111422,0.19968474423491012,0.19968474423491012,1,3,2,2,14.021289550628527,0.35783717710288554,1.3082091786790717,14,4,1.3289808347464662,0.08515820251410805,1,2,0.05183596066442983,1e-06,0.24817120576740304,0.8426023115950008,0.39073528888524367,0.2975931792607167,0.9932935947253403,0.7081086108633136,2,99,0.21235199993314394,1.2772671760693043e-10,0.44203451356420864,0.044517725778594884,-0.22194689219027183,11,7,17,5
0.09042502204545497,15,0.19391625777412244,0.5080697028196068,0.18315036554391967,0.1833411647884869,0.1833411647884869,0,3,2,3,14.02364453520865,0.367178805755165,1.288326813226661,14,3,1.1780361928067014,0.09457814083460186,1,1,0.05487908677577387,1e-06,0.1566951999522203,0.8572264638057913,0.24712022199767528,0.22832670909551406,0.9882074326645311,0.7735523592913689,1,100,0.19385500168180478,2.4908470155541257e-10,0.42633373640059996,0.06261208309960153,-0.2305376636903021,11,7,17,5
0.1638551436986075,14,0.27973227733388395,0.7513481429323515,0.1445923383501755,0.2711782751173853,0.2711782751173853,1,2,2,3,13.022751843526224,0.49493234161003075,1.2619332474935363,13,4,1.1411830103471103,0.09100737410489657,1,2,0.054425946747988674,1e-06,0.2825393168110567,0.7589902983446843,0.44639446050966425,0.30655657841293105,0.9890502532399924,0.8000509103835742,3,101,0.2720724419242,2.2090069908683898e-10,0.4270190948672568,0.07975238491083922,-0.16345189459761675,7,7,16,6
0.12160731988878096,14,0.060948084180722735,0.34815449800760023,0.12102145856081607,0.0,0.0,0,3,2,2,12.026948573440471,0.4642088925971886,1.2571971223586358,12,3,1.3700233812191356,0.10779429376188361,2,1,0.053502351553995096,1e-06,0.20857526925368428,0.8543949136612758,0.33018258914246523,0.20550552829252738,0.992667682093814,0.9054620169986175,2,102,0.03924501176027903,1.0217539930468769e-10,0.38317751365257957,0.04254220174519509,-0.23410633275143528,10,1,16,3
0.15506916326418096,14,0.252067263166284,0.7118339190132592,0.13423831820837168,0.3230749223114317,0.3230749223114317,1,3,2,3,13.0228810224831,0.44615626363741756,1.265484936205929,13,4,1.1557409856394258,0.09152408993240112,1,2,0.05776759734622713,1e-06,0.26445540410239604,0.8153308045790552,0.419524567366577,0.3362830255741764,0.995836234126925,0.6970913057954168,4,103,0.3201413620477768,1.0937149435487885e-10,0.4216100805565581,0.03477200528092927,-0.20119351476315137,8,8,16,3
0.14379648063947542,15,0.19436033120508056,0.6174735958701729,0.22379500834414232,0.27842702498986405,0.27842702498986405,0,2,2,3,13.034648498594416,0.25437805640023914,1.303669601899896,13,4,1.1364625617287691,0.138593994377668,2,2,0.0581484010060279,1e-06,0.24375094940751293,0.7727463589207076,0.3875474300469884,0.29446574258538954,0.994190665329082,0.721838145632667,3,104,0.2737407836400012,3.850694011529392e-11,0.394755957715451,0.04785213321230996,-0.23969534903731834,8,9,17,4
0.08319407075402381,14,0.16661859588849623,0.5779157364313442,0.18450375765222576,0.17894246522904728,0.17894246522904728,0,3,2,2,12.033816591716214,0.4128642288979068,1.3030679549808357,12,4,1.2005702784807457,0.1352663668648551,2,1,0.06247999306348593,1e-06,0.14012530869494771,0.8615595224296134,0.2233193794489715,0.29185642664071165,0.9884362239964921,0.7868123782048206,1,105,0.18094992062186846,1.0316761944903459e-10,0.481655099386463,0.04717608137711332,-0.18605245440273382,9,4,16,6
0.11280041209581906,14,0.21754830381742155,0.5307406959040506,0.17638549157301228,0.22986911652411082,0.22986911652411082,0,3,2,3,13.020889474658954,0.44893035496097117,1.2619838097337304,13,3,1.2509999799880502,0.08355789863581602,1,2,0.056645403773229984,1e-06,0.18872283892926625,0.8483911498143027,0.3015232510250853,0.2767490933879531,0.9912202855695982,0.7852328198629508,2,106,0.2358276182267859,1.0640791662211311e-10,0.4704142640674404,0.047448713226455295,-0.20946594647375796,10,8,16,7
0.11318394070176718,14,0.5115154499460496,0.9479434835070025,0.20225631327653942,0.6069204660348074,0.6069204660348074,1,2,2,4,13.026123971289119,0.4437984298732902,1.2169029983559863,13,4,1.0527305848550834,0.10449588515647519,1,1,0.0630947492291167,1e-06,0.18804433419716615,0.8806705870945304,0.30122827489893333,0.6051170258181612,0.9910598353973323,0.6988216511097279,3,107,0.5665643919879715,1.6611427350987712e-10,0.45564780916332914,0.05078867875629659,-0.23444398125819305,5,17,16,6
0.183919955748574,14,0.15517328166113767,0.44043766484191177,0.16626248324363643,0.2024990418369343,0.2024990418369343,1,4,2,3,14.00782131049221,0.42930626464300387,1.2469332619086801,14,3,1.337320286523126,0.03128524196883565,0,2,0.05583114235488357,1e-06,0.3033521408317624,0.8002209067905699,0.4872720965803364,0.29531203601999995,0.997499349110577,0.6875752803340542,2,108,0.21787565331884085,1.8030177607236306e-10,0.4054261349757739,0.058617404849515053,-0.1851161206717666,8,7,16,5
0.09501853660695841,14,0.1485583656413984,0.5094919552348602,0.2322140692168196,0.19051971734640255,0.19051971734640255,1,2,2,2,12.027267905603043,0.4342847532470969,1.2275705414547333,12,4,1.1901698524198938,0.10907162241217128,2,1,0.06394282709754692,1e-06,0.15554630811244613,0.9079811992054885,0.25056484471940454,0.3899938885981755,0.9926363604119663,0.7011027581648133,3,109,0.19507935842919807,9.253990713721332e-11,0.3884222069297327,0.062060726623236716,-0.2062791658381926,9,5,16,3
0.15655960089478824,14,0.15954811747515973,0.43442441143139293,0.17016157152569955,0.15838142006899675,0.15838142006899675,1,3,2,3,14.008669210739194,0.47193329620527,1.2591428046983633,14,3,1.1914780813027401,0.034676842956774645,0,2,0.06354139858319695,1e-06,0.254310430473514,0.8409294936081697,0.4108700313683022,0.30622847110972107,0.9994714084222022,0.7260972925008751,3,110,0.17970387446590644,2.3068932385315608e-10,0.3753254355485344,0.049343999799724515,-0.21074810749334794,9,3,16,5
0.0738313655962262,15,0.3110324745211318,0.7916908336588044,0.19545035089511292,0.33979992833224726,0.33979992833224726,1,2,2,3,14.02483012002433,0.37850277183148945,1.2759064558262956,14,4,1.1941444804577186,0.0993204800973221,1,2,0.06442955410932161,1e-06,0.11897841385728121,0.8319155058831578,0.1928097794535074,0.354061342104052,0.9964785997846416,0.6750693960058064,3,111,0.3198266139047002,8.096199930528117e-11,0.41885081330569035,0.05267938768419343,-0.20386925472881162,7,12,17,5
0.053485782672629274,15,0.17004790936769668,0.5282549666630534,0.20445350603402349,0.22973727303910002,0.22973727303910002,1,2,2,2,14.024618756150675,0.4002845689440094,1.2571963508491717,14,4,1.169906497631613,0.09847502460269633,1,2,0.06574792538128318,1e-06,0.08549251785343942,0.7837191984410854,0.1389783005260687,0.32012799833303657,0.9922761520829256,0.4812523493600832,2,112,0.21288255388357855,1.6745044598430558e-10,0.4022810929593105,0.041395959147197625,-0.2004489292336583,10,6,17,5
0.09946355601318216,15,0.24337898352559947,0.6311610371689894,0.2644397273357878,0.3248272680643771,0.3248272680643771,1,2,2,3,14.024497438767154,0.39475067670661984,1.2169526390721221,14,2,1.0412018115942803,0.09798975506861436,1,1,0.061809819665164294,1e-06,0.15766889043656304,0.9330851390710633,0.2571324464497452,0.4135315543002133,0.9896375949660213,0.5551439864438227,2,113,0.31071694234303554,1.4177120620693224e-10,0.43120543827030433,0.05758830127492932,-0.19391615463172876,9,9,17,5
0.1731191461875698,14,0.06149809385412153,0.3725461995457243,0.17122869539146304,0.09373688437710645,0.09373688437710645,1,3,2,2,12.035953118740379,0.47506869934286694,1.192495913909639,12,4,1.2470000643592518,0.14381247496151411,2,2,0.06703093764450116,1e-06,0.27211937356269184,0.8456759495419404,0.44523851975026163,0.2216869619769325,0.9954027152917876,0.6255819505850587,2,114,0.11565956116603619,6.517470200118786e-11,0.45898784918938407,0.02566352165402504,-0.2463673402376363,11,2,16,4
0.1634720931880427,15,0.16657905925223196,0.6222092721943789,0.20580208889759902,0.18234690430892136,0.18234690430892136,1,3,2,3,13.026626263803374,0.3777777869608549,1.2097306506897196,13,4,1.1409616888153085,0.10650505521349556,2,2,0.06876519346817861,1e-06,0.2547655660391319,0.8620067683528434,0.4182376592271746,0.26859531232317274,0.9878191002803104,0.6921898242597341,3,115,0.2001039947438483,9.620092806425528e-11,0.42599964045926436,0.05001556476387754,-0.14595778218239636,9,8,17,5
0.14616779570684915,14,0.26547882202477185,0.6697456095051213,0.19479878543431442,0.2976461604392734,0.2976461604392734,1,2,2,3,12.03598639519682,0.4723106179363617,1.2267610926446797,12,3,1.0206518261546942,0.14394558078727931,2,1,0.0688735089021797,1e-06,0.22583559210065474,0.8502985490057413,0.37200338780750386,0.415224914917972,0.991051359287167,0.6130807122318671,3,116,0.2970061580647055,1.444289796566222e-10,0.43777508305862894,0.036438927908122434,-0.17798002142493208,7,10,16,3
0.11484329066765094,14,0.26969302271516826,0.6872921761781268,0.22382840079728866,0.2740151494909153,0.2740151494909153,1,2,2,3,14.008252071001117,0.43783319087216904,1.2402296494047473,14,3,1.0620490389944959,0.033008284004464976,0,2,0.06590632701199677,1e-06,0.17589812891385576,0.8188933991165132,0.2907414195815067,0.3168542838740531,0.9954530529750131,0.5673006251194107,3,117,0.269568664205655,1.394215622849772e-10,0.3996230442553318,0.029227645809813463,-0.2065554103602818,6,8,16,4
0.1947758714357658,15,0.17306949498410162,0.5861282052615563,0.28638769845282575,0.24945733570795292,0.24945733570795292,1,3,2,3,14.018381702165279,0.3876844662410675,1.2777628090639592,14,4,1.1679868020175705,0.07352680866111609,1,2,0.0688950377276602,1e-06,0.295724599070477,0.7925180659098203,0.4905004705062428,0.3062355578286994,0.9905916254301463,0.6156293207883123,3,118,0.2600594793627326,2.739550876970211e-10,0.41182359567096544,0.028346878755189434,-0.2272899289732091,7,6,17,5
0.11488942838146217,15,0.21495560320289936,0.523559143893666,0.24827492341393068,0.2237914579401552,0.2237914579401552,0,2,2,2,14.021524505337187,0.3406554767562857,1.227064746610164,14,4,1.0378646736425967,0.08609802134874366,1,1,0.07303023424095602,1e-06,0.1729104928139177,0.8433674807269217,0.2877999211953799,0.3344302861209633,0.9944232978425865,0.6422730267403267,2,119,0.22492386541277487,1.4261029190035208e-10,0.4314951725167972,0.03627777709649808,-0.20030553916889968,9,6,17,6
0.19985358340794093,14,0.09577320905006756,0.311208765654405,0.20220261929979946,0.11256621940179598,0.11256621940179598,1,2,2,3,13.011298793336957,0.42810432647429975,1.1771408103252703,13,3,1.2861682339569802,0.04519517334782634,1,1,0.06804148120895341,1e-06,0.29815694096878925,0.865955970211222,0.49801052437673016,0.28684832078385475,0.9971657391072308,0.6244803720802409,3,120,0.13737924233801826,4.759271331840818e-10,0.3660513496190732,0.057987639584651425,-0.18783770955199663,8,4,16,7
0.2038651935499013,14,0.041055906208556675,0.40109954304372075,0.2714963833402302,0.072261592445438,0.072261592445438,1,3,2,2,13.01111904911812,0.45669270696214387,1.1394249165638766,13,3,1.237931238238971,0.04447619647248116,1,2,0.06950185912510043,1e-06,0.3014955244137984,0.8339650526790222,0.5053607179636996,0.20343729190513338,0.9936162934634105,0.6895523487072933,1,121,0.10833152842792743,8.180782845785805e-11,0.4470371836051624,0.03232041448325378,-0.19758492510578732,11,1,16,4
0.15551347876363303,14,0.14912273817692753,0.55865030600165,0.15315000909587778,0.18400656646150437,0.18400656646150437,1,2,2,2,13.017530597891236,0.5194338186765524,1.141279431725417,13,4,1.236522061813028,0.07012239156494432,1,2,0.07886272077192018,1e-06,0.22799956050172374,0.797869709581367,0.3835130392653568,0.2981605232651007,0.9925699081615293,0.5707115132988927,2,122,0.1934917683147346,1.5768310741786712e-10,0.4528576272157006,0.04464363115180769,-0.23148410917752982,7,6,16,3
0.11118269054991291,14,0.28724830981977784,0.7154693164392188,0.20213690899420433,0.3095361987092376,0.3095361987092376,1,2,2,4,13.024960000076309,0.5338254376817595,1.208899641260635,13,2,1.0235936757818707,0.09984000030523321,1,1,0.07500947606531717,1e-06,0.16160876248791234,0.9286111121666067,0.27279145303782526,0.4407995305645438,0.9955158243487435,0.7583288636471938,2,123,0.30308347495370186,2.4129590827953744e-10,0.4337772389396156,0.01588989411329817,-0.20899842261693893,8,9,16,6
0.06962872559043992,15,0.23151525709209253,0.7053398371859099,0.24480061702060563,0.3239448032865985,0.3239448032865985,1,3,2,3,14.02223248986374,0.4001886965816333,1.1947115341581342,14,4,1.055675801712816,0.088929959454958,1,2,0.07271673447689639,1e-06,0.10035095982152575,0.7816480487274229,0.16997968541196568,0.3823589873335551,0.988947362656813,0.666773172589169,3,124,0.3047674951395546,6.323632398245389e-11,0.4096719648271955,0.042430386970272516,-0.17590613455878173,8,11,17,4
0.07310203234899897,14,0.18787505703654092,0.5406393786310791,0.18624902884586464,0.16602973548202934,0.16602973548202934,0,3,2,3,14.006122874440976,0.5510536325337013,1.2361342354762739,14,3,1.1301323957087432,0.02449149776390546,0,1,0.07344616157940656,1e-06,0.10447716700127829,0.8888913180323538,0.17757919935027724,0.35678398422769975,0.9908142500298355,0.6503166828607736,2,125,0.16998968659496536,2.8483522155324672e-11,0.47909394594069743,0.03273708403260006,-0.20826902383811874,7,6,16,4
0.1935685354255641,15,0.1754323581905691,0.6062116662132181,0.27636217795402984,0.1833764345616948,0.1833764345616948,1,2,2,3,15.003192901291266,0.394278847637194,1.2042710995746773,15,4,1.1329675914832877,0.012771605165067097,0,1,0.0722704081935464,1e-06,0.2743776629707841,0.8861797999663535,0.4679461983963482,0.3332375224838397,0.9926631310299573,0.6682147854322963,2,126,0.20458721331139718,1.9254673960403292e-11,0.4973903934098487,0.018950539284221978,-0.19115687032686066,10,6,17,5
0.09248792703429232,14,0.04204350460687033,0.3072036041251204,0.19419850841821606,0.08676118136277963,0.08676118136277963,1,3,2,3,14.005025039510546,0.46964708929795884,1.2008838422336974,14,4,1.068469086728816,0.020100158042183007,0,2,0.07730995529118316,1e-06,0.1300450396583,0.8063907789841749,0.2225329666925923,0.16927704205116603,0.9947934947817516,0.6027878839606118,4,127,0.09853442070857642,1.9019069043755827e-10,0.4526445211500627,0.02872098534225564,-0.20961756048296634,11,2,16,7
0.13659798171941823,14,0.35999574573857707,0.7218629304957366,0.20011104051768447,0.3982662312808395,0.3982662312808395,1,2,2,4,13.01562962749112,0.539335859107513,1.1935221907234697,13,4,1.14117827527054,0.06251850996447929,1,1,0.07521057828996208,1e-06,0.1905591361464865,0.8604088183006096,0.32715711786590473,0.4141846909971821,0.9958224585188239,0.5822830072162706,2,128,0.38075791479044446,2.3047644110878578e-10,0.4828581331779155,0.008870312475851447,-0.23568120735958986,7,10,16,6
0.15035802424070568,14,0.4768349347089531,1.0,0.2052163803731864,0.4875615766205439,0.4875615766205439,1,2,2,4,14.00826696727177,0.45817295489376586,1.1816916436228178,14,3,0.8187783446311494,0.033067869087080363,0,1,0.07581977754875613,1e-06,0.20815166150103184,0.9015267445587783,0.3585096857417375,0.5082621328686313,0.9958985994773116,0.666409533924954,3,129,0.4690164928841762,2.2185350815940845e-10,0.36349557312940184,0.01761514639345929,-0.19514539128281025,3,13,16,5
0.14609770164377925,14,0.12212012918872507,0.4797749485830117,0.25944113470035013,0.10825889109810678,0.10825889109810678,0,3,2,2,14.0,0.4553903732337289,1.2506701304457257,14,5,1.2083909275171503,0.0,0,1,0.07957128992182706,1e-06,0.20075401804127227,0.8827672232171992,0.3468517196850515,0.16390040482118085,0.9906521550486257,0.555974523862183,3,130,0.13404993217968622,8.923875538351301e-12,0.43024098079568734,0.0238310593238212,-0.19436102821254145,9,5,16,4
0.05545176729340113,14,0.4200331305394405,0.6295531197052162,0.23185007717926032,0.4148456021235975,0.4148456021235975,1,2,2,3,14.006104334255609,0.48850148905855856,1.1531503531045177,14,3,0.9728813268870636,0.024417337022432675,0,1,0.07620861677591641,1e-06,0.07565056171588,0.8798905420535428,0.13110232900928112,0.47432111427701856,0.9992189546994876,0.615568530910555,3,131,0.3931215490170792,5.963942753827893e-11,0.4462626308077308,0.02528568461253507,-0.17598165557062923,7,12,16,3
0.05830285885655513,15,0.10639035690705166,0.5928787290295543,0.2354861705403546,0.1594078962458036,0.1594078962458036,1,2,2,3,14.022816500647352,0.40826053679896973,1.2291425711704917,14,3,1.355908296191743,0.0912660025894052,1,1,0.08004785514231293,1e-06,0.0789912578140513,0.9336161904559324,0.13729411667060643,0.2787037037077304,0.9976637629389002,0.5969676174870544,3,132,0.16005070949072572,9.27496509945548e-12,0.3821274849944898,0.0020667716733726166,-0.18238242225689938,11,4,17,3
0.08099366126708525,14,0.09669621553409649,0.5086299474263568,0.17508950895685893,0.09204435840260028,0.09204435840260028,1,3,2,2,13.013644829351149,0.5188229675351835,1.2162410019101146,13,3,1.1285855792387338,0.054579317404592466,1,1,0.07742895678557407,1e-06,0.10900765973678679,0.9299778967296205,0.19000132100387204,0.22911156028879265,0.9908177821312182,0.6169506392787188,2,133,0.10657910961342772,1.5857659414074235e-10,0.41813773864903864,0.038549204366869205,-0.21315807136755938,11,4,16,4
0.17784254359267004,14,0.15329984769041338,0.5979056952411796,0.19436624734836602,0.24765418998578734,0.24765418998578734,1,2,2,2,14.004997180986212,0.5127088727149721,1.2179934397695626,14,4,0.9448785415405382,0.01998872394485035,0,1,0.08096767294485646,1e-06,0.2378430083732162,0.8868908445749227,0.41568555196588625,0.3605957093705627,0.9968578723601459,0.687071322611104,3,134,0.25745042900064674,5.800981578209893e-11,0.451928773609195,0.04781955397529767,-0.1494441006526395,7,7,16,6
0.06813128580249586,14,0.4373504586551048,0.9049197505052522,0.21037213267180846,0.41848572033156173,0.41848572033156173,1,2,2,4,13.009944585754877,0.5237637356368426,1.188052446245946,13,3,0.9600932647559555,0.03977834301950968,1,1,0.08153836473997418,1e-06,0.09057100505209997,0.8695988308293148,0.15870229085459583,0.4236235975385975,0.9950908917827964,0.5980401777570936,2,135,0.3978408072541213,1.240561738328485e-12,0.41834809754287683,0.01211650221812429,-0.19370170562075129,6,14,16,7
0.11234727933867525,14,0.21849798355223116,0.6640920330324621,0.19045292871255776,0.18917689892641487,0.18917689892641487,0,3,2,3,13.017852460884741,0.5175135268957897,1.2110073203153655,13,3,1.000005464028662,0.07140984353896923,1,1,0.08120583932583263,1e-06,0.14850428593786236,0.9162105508998729,0.2608515652765376,0.3158412225204869,0.9946381815375912,0.6125999406058623,2,136,0.19428012670436767,1.5140661534071378e-12,0.37233816870702796,0.02369779942043256,-0.2055970604770394,9,5,16,5
0.12844033444038663,14,0.23939060313878213,0.5692979372786356,0.21623519084316137,0.25617944436507056,0.25617944436507056,1,3,2,3,14.0,0.5130265422401702,1.2488706045822149,14,4,0.9771660554970585,0.0,0,1,0.08729477385680014,1e-06,0.1688744982191326,0.9434761030727342,0.29731483265951925,0.44784477694627456,0.9925337159135033,0.5641789455674736,3,137,0.259201936420319,6.268225076914393e-11,0.3972373110041977,0.019222812632422377,-0.24291297088183514,8,8,16,6
0.10418836473785384,14,0.12623028886435206,0.36041136409243024,0.16393930604249352,0.13219213262543572,0.13219213262543572,1,2,2,2,14.0,0.5684527286332676,1.1746455252967485,14,4,1.0691322233320437,0.0,0,1,0.08730906352695147,1e-06,0.13630961994986635,0.9929822194698338,0.24049798468772018,0.22872280622323088,0.9919260071641438,0.6885694495096467,2,138,0.14868117080250484,1.3215193725957548e-10,0.4072878803007198,0.02162138460648486,-0.17334981314204453,12,3,16,4
0.14463838051886224,14,0.1484978695629512,0.4847097636351828,0.19650159682171958,0.21374848771061722,0.21374848771061722,1,2,2,3,13.015223037382485,0.5569305650157388,1.2387759834015342,13,4,0.9865227218326459,0.06089214952994429,1,1,0.08440218235810523,1e-06,0.1883647021568541,0.9554158131230415,0.3330030826757164,0.26264292832088676,0.993369825433386,0.6745262638223779,3,139,0.22945363074994185,3.528395430715079e-10,0.42666826761979953,0.02642609321313507,-0.2291274252132039,9,7,16,3
0.15062450754278447,14,0.265355563284394,0.623305818637999,0.18456429720387418,0.2670782792003137,0.2670782792003137,0,2,2,3,14.0,0.5572167336880423,1.2463935646281081,14,3,0.8526136586212625,0.0,0,1,0.08743230181035586,1e-06,0.19533925996520288,0.9124550941578663,0.34596376750798735,0.3642664909685273,0.9955323218843649,0.5659030571810943,1,140,0.26945372140636287,4.2845015566443145e-10,0.4239842266896025,0.0005848770819840213,-0.22329154824266512,8,6,16,4
0.10549693588737376,14,0.2510605190458623,0.5345086289804425,0.1598915350415236,0.25618477400833584,0.25618477400833584,0,3,2,2,13.018395568279615,0.5107701752802443,1.2651949611190758,13,3,0.9010011250598444,0.0735822731184647,1,1,0.08993021418865317,1e-06,0.13629679909793835,0.9048641981177189,0.24179373498531212,0.3815531397684866,0.9964278857065637,0.5581634269011945,2,141,0.2519548620320672,1.9102216664881168e-10,0.41750224476266234,0.02869909544905634,-0.18427410840372446,8,8,16,5
0.14897407793417888,14,0.08481680155828315,0.32517723853136804,0.15743725130901987,0.061556000852477505,0.061556000852477505,1,3,2,3,13.02006048126392,0.5328812768269127,1.2000991336388025,13,3,0.9552323060282104,0.08024192505568307,1,2,0.08379102815538315,1e-06,0.19181683136251393,0.8137716084119797,0.3407909092966928,0.1871198449710843,0.996244849440317,0.7793143197732049,2,142,0.0875632612494208,3.7341831892270623e-10,0.4180834443748134,0.018377815484804907,-0.18142793391598755,11,2,16,3
0.15362317534284686,14,0.21887244525344085,0.5444312983177705,0.17807920344215203,0.22024042551620798,0.22024042551620798,1,2,2,3,13.019543161618207,0.5798938063162429,1.2544921499921777,13,3,0.9799930926576785,0.07817264647283004,1,1,0.0883819888118677,1e-06,0.1972173205504203,0.9040439324009063,0.35084049589326716,0.3329019025637622,0.9907043699907073,0.5908247976270858,3,143,0.22692331377218297,1.3820899752206723e-10,0.45246002857806583,0.008423864028249258,-0.23038787365554897,8,8,16,5
0.1442672612033864,14,0.22259858008249697,0.6542595439024963,0.15899471546338784,0.20912625853891728,0.20912625853891728,1,3,2,3,14.007297147393661,0.560553026522001,1.231557567286972,14,3,0.974636139361964,0.029188589574641773,0,2,0.09234100694125645,1e-06,0.18473699894324674,0.8302869476414361,0.32900426014663314,0.29993042202576015,0.9942706366598972,0.5280662860416462,3,144,0.2151693844565148,1.276678453794654e-10,0.43303421452410923,0.025342653452161638,-0.13216090693523808,8,5,16,4
0.2253468705006715,14,0.23768154126593816,0.641314426325597,0.1831179998552331,0.26947358875838245,0.26947358875838245,0,3,2,3,14.0,0.5752241763002632,1.2536955474253555,14,3,0.9453851313487043,0.0,0,1,0.08982802759077002,1e-06,0.28795442237635294,0.8953696625028242,0.5133012928770244,0.32895796320934756,0.9955296692093163,0.6824042889731216,2,145,0.28839823075770565,3.6892354823469883e-11,0.47906566403075146,0.012581843602339379,-0.21592271164657872,8,8,16,6
0.0589251767221883,14,0.056858030859538694,0.6008938705072177,0.14625788234524112,0.07074505860094699,0.07074505860094699,1,3,2,3,13.00960142731292,0.6102922832812209,1.2077558671396018,13,4,0.9464767296521674,0.03840570925167945,1,1,0.09193916611053823,1e-06,0.07517093740942414,0.8930416908219262,0.13409611413161243,0.15985592489830458,0.9915996179785671,0.5963019458818029,1,146,0.08560024899087727,1.0952916393179481e-10,0.38461918740957657,0.052923048288965824,-0.2361497262951927,11,3,16,5
0.20553953544652062,14,0.21066778645631645,0.4942140338071662,0.17472403400813283,0.17707496014662366,0.17707496014662366,1,3,2,2,12.028122466752176,0.5739082451363512,1.2403857769534092,12,4,1.044247947693842,0.11248986700870162,2,1,0.095207145977008,1e-06,0.2618869788076439,0.9109394845954374,0.4674265142541645,0.3378715942131756,0.9959046962100271,0.7533811626222731,3,147,0.19899817324905675,7.895574094471873e-11,0.3898907445546799,0.018710512617495352,-0.2271485943630986,9,4,16,4
0.23832241994733977,14,0.1895181660010616,0.42913508327244043,0.17309259307973457,0.16964669876155708,0.16964669876155708,1,3,2,2,13.015762025805204,0.5275201899894749,1.2045114891734776,13,3,0.8378610927004126,0.0630481032208151,1,1,0.09331479353611014,1e-06,0.3034218783730877,0.8729987516214714,0.5417442983204275,0.3329178466556984,0.9942612040734973,0.5372027266133995,2,148,0.1907982332676135,5.2871082887966974e-11,0.4559763788890144,0.013957051283305728,-0.19246841223594038,10,6,16,4
0.057040626216568566,14,0.25644601681862933,0.5649527304263705,0.17764708264406764,0.30271593296212046,0.30271593296212046,1,2,2,3,13.022592371148612,0.5262629249742528,1.2436142737247344,13,4,0.9648962989327337,0.09036948459444918,1,1,0.0884648080824875,1e-06,0.07259799177911865,0.900569028704638,0.1296386179956872,0.3802754759772865,0.9969748981260452,0.6161370731035959,2,149,0.286581860851518,2.1042534192307296e-11,0.41495115291406526,0.046927076190821065,-0.20178919788579663,8,9,16,5
0.14848288791168296,14,0.29742280735315224,0.586467688866668,0.19437473029330085,0.3039189028748308,0.3039189028748308,1,3,2,3,12.026879193334839,0.5363528197476926,1.2339854921859417,12,4,0.7995052900312596,0.10751677333935283,2,1,0.09200194050719598,1e-06,0.18900369748948373,0.917046411106802,0.33748658540116666,0.42611771956743866,0.9938706921472681,0.6583786375933088,2,150,0.2992337732093904,1.4042721980293616e-10,0.4187429460121433,0.015995119448514422,-0.20837278643194357,8,8,16,4
0.21831486995024257,14,0.18791780389494245,0.5187090260015129,0.11900011646412448,0.24407697771656275,0.24407697771656275,1,2,2,3,13.010826824066,0.5823516017716653,1.255232547681402,13,3,0.9173239866826965,0.04330729626399514,1,2,0.08978705927187292,1e-06,0.2780519124483715,0.7764974580854872,0.4963667823986141,0.29094040672513644,0.9950475384712004,0.7026049064984551,2,151,0.2572350105902677,2.4656556400961738e-11,0.40724208289173086,0.028918608985929947,-0.2409636040504932,9,7,16,4
0.12847973631417645,14,0.22927042144791884,0.5335811666480338,0.1411161042417383,0.2569896375697622,0.2569896375697622,1,3,2,3,13.025529986142967,0.5794079679520449,1.2485049972493905,13,4,0.650471326033867,0.10211994457187114,1,1,0.09352002114893515,1e-06,0.16380242755479527,0.8978457700505781,0.2922821638689717,0.3129282983967858,0.9884089237579109,0.6597762748467311,2,152,0.2578634252918855,1.1629264858328268e-10,0.3800631357534522,0.023541817125459795,-0.18624803064705303,8,7,16,6
0.117151146271382,14,0.25038004774857836,0.7865937246039615,0.13450293299112215,0.3575184754530608,0.3575184754530608,1,1,2,3,13.020926002303263,0.5491183469272023,1.2372526598773252,13,4,0.7705353000318178,0.08370400921305167,1,2,0.09198520374734145,1e-06,0.14957832513536198,0.8379404766959654,0.26672947140674397,0.37839535776150635,0.9942540873010577,0.7856802446904273,3,153,0.34481257164583223,2.676772842209008e-10,0.44264069336453726,0.02491603116592856,-0.2013026804514614,7,10,16,5
0.26979001237955297,14,0.2766265914509529,0.6454797968704701,0.19381403138669884,0.3432686603461358,0.3432686603461358,0,3,2,3,13.016378776122899,0.4537869499894889,1.2430917928057046,13,4,0.9590417077032578,0.06551510449159592,1,1,0.09621496037334519,1e-06,0.34512471212455464,0.9059709382532048,0.6149147245041076,0.43172385205604447,0.9954948044771332,0.6237310783622262,2,154,0.3562728482998244,1.8069602493717284e-11,0.4081797886384,0.03117746281120726,-0.19113778051198138,8,9,16,5
0.10919324751328668,14,0.0900133679379593,0.41507590245231785,0.10526365704715998,0.1386799852291644,0.1386799852291644,1,3,2,3,14.007338337375154,0.6492751045497757,1.1941055597230106,14,3,0.990359810031483,0.0293533495006186,0,1,0.0946254823023288,1e-06,0.14001143853959225,0.9234579752267029,0.24920468605287893,0.2536224890230859,0.9930440519960029,0.7020687279975416,3,155,0.1554692412142728,8.439138896297816e-11,0.47669823050681454,0.03629665375581433,-0.17020440926610325,10,4,16,4
0.12456289005677831,14,0.24755024694502914,0.5799496962558182,0.11662943019658138,0.3199788879642857,0.3199788879642857,1,2,2,4,14.00597827164793,0.5159843460683705,1.2254762009261757,14,2,0.9279433403636099,0.023913086591719555,0,1,0.09657175011047962,1e-06,0.16016247995757119,0.8523398628428823,0.2847253700143495,0.37994126592344063,0.9890205637794504,0.5879141694927397,3,156,0.3127796134703167,4.0473428444271174e-10,0.42210534090058716,0.020134704662365253,-0.20741521888190823,7,8,16,4
0.1603119502952307,14,0.09315967716298544,0.5313628364429573,0.1198095856669284,0.18680452612159845,0.18680452612159845,1,3,2,2,13.020585655395745,0.5318496719650289,1.262740520671205,13,3,0.8765380530391955,0.08234262158298476,1,2,0.09677340289362436,1e-06,0.20678835016190222,0.8309571980527503,0.36710030045713293,0.3552031887950922,0.9928763387825722,0.6674082153239684,3,157,0.19909259965341608,1.637597389155922e-11,0.4038666711932026,0.02553465025216509,-0.2170160027080461,9,5,16,6
0.08015200643868645,14,0.20959881860357463,0.5761062383056973,0.10611304988347034,0.2649555664798594,0.2649555664798594,1,2,2,2,13.026751838456494,0.5430108444749687,1.2194136210089233,13,4,0.9154300887278153,0.10700735382597693,1,1,0.09839303829616476,1e-06,0.10376304339019282,0.9329092673376979,0.18391504982887927,0.3261140686027519,0.9936880879213391,0.5617309968106164,1,158,0.25890892398851284,6.084388529752116e-11,0.39395970411458997,0.05650130134674215,-0.19146444149687894,8,8,16,6
0.13305690192769784,14,0.3480999084111901,0.8066243019030532,0.17165591544065123,0.4401464475584786,0.4401464475584786,1,2,2,3,13.015594636742952,0.55143448286013,1.2076977588961784,13,3,0.7210831782126874,0.062378546971809126,1,1,0.10047741307641082,1e-06,0.17294572246384438,0.8833235834737214,0.30600262439154224,0.49982562091603094,0.9932760749339865,0.6384632654469387,3,159,0.4250586920328807,8.820337464306068e-11,0.45504063269638095,0.041833855347274594,-0.2192434869562832,5,12,16,5
0.17092836423727067,14,0.30462940991716697,0.6745744987168804,0.14840498958907475,0.3586108827228866,0.3586108827228866,1,2,2,3,13.023547746791044,0.5272308529165683,1.2175466872666878,13,4,0.8873599545860407,0.0941909871641787,1,1,0.1015424386468179,1e-06,0.22315267946130218,0.8764710181254058,0.3940810436985729,0.40107535759428853,0.9956832196231874,0.6868952749941272,3,160,0.3527671083419748,8.819092264884262e-11,0.35933555085479874,0.02902249769267731,-0.19430908108977074,8,9,16,6
0.19174190814950612,14,0.3104551518960193,0.7361213866421786,0.13521500128273342,0.3335526647911399,0.3335526647911399,1,2,2,3,13.024061455945501,0.5442784989771273,1.2110747346361923,13,4,0.8952256929132403,0.09624582378200511,1,2,0.09434852079940594,1e-06,0.25152838898050567,0.8106432118721687,0.44327029713001176,0.41151413721023955,0.9946254092575602,0.7332882529613947,3,161,0.3342581225173732,3.0040005861106976e-11,0.38172980390167305,0.044615144526011175,-0.23399412922285265,7,10,16,3
0.08019206374819673,14,0.33861675606231334,0.6690825349286403,0.13278436159799958,0.35854830617879707,0.35854830617879707,1,2,2,3,13.014113133654172,0.4984112738238621,1.2177746248983743,13,4,0.8226079995844108,0.05645253461668817,1,1,0.10096642564923392,1e-06,0.1057412314035916,0.9203639108854567,0.18593329515178833,0.3810160202278292,0.9935689471523459,0.6306915782518187,2,162,0.34905300743547096,2.0988337096440956e-10,0.5296042511484336,0.02309870774350692,-0.19609892681852234,7,10,16,6
0.2274062008822741,14,0.037325272011839494,0.5308865060690666,0.15477843531230406,0.05427036927287038,0.05427036927287038,1,3,2,2,13.015539678579687,0.5048367963371759,1.1520561910394727,13,4,1.1971940504203769,0.06215871431875114,1,2,0.09903843291278185,1e-06,0.3015181429270664,0.7750233874026994,0.5289243438093405,0.23634110725842095,0.9935615887608635,0.6625760554931386,3,163,0.08651838096801727,1.7935872005989925e-11,0.46121903295311406,0.04665018793799465,-0.20958597451741073,13,1,16,4
0.11735530417331942,14,0.37975021812889675,0.7711961398826007,0.1592675774214112,0.3523149546623914,0.3523149546623914,1,3,2,3,13.012994679546523,0.532168653464905,1.2325163714814646,13,4,0.8826315553459885,0.05197871818608959,1,2,0.09978089256859832,1e-06,0.15651679629935447,0.8274789494158551,0.2738721004726739,0.43470356860264,0.9922054940715976,0.5784536380567432,3,164,0.33862016623707636,1.7640661056584625e-10,0.4887605204977346,0.025081672554999716,-0.22489522379170243,8,10,16,6
0.2253847781042387,14,0.22829291789855125,0.46112461567733587,0.15634856590046287,0.2409360864194296,0.2409360864194296,1,3,2,2,14.005586308219701,0.5109181464646888,1.1646863946553787,14,3,0.9352501215777118,0.022345232878807596,0,1,0.10931142956361388,1e-06,0.3024629220160668,0.8591419845658184,0.5278477001203055,0.2521382655209514,0.9943983507209216,0.6210860095343065,3,165,0.2571973196367432,9.893947625017499e-13,0.3627543696160688,0.023664558263249973,-0.18035498939432987,8,6,16,4
0.18103450148162922,14,0.2650193943310362,0.6463571677200013,0.1557298008092335,0.2664571045702744,0.2664571045702744,1,3,2,3,13.011247985188982,0.5018508793558272,1.1764283858603277,13,4,0.8781078591954254,0.04499194075592676,1,2,0.11147478044266064,1e-06,0.24453074783966225,0.8278968779192369,0.42556524932129147,0.3393781056775503,0.9980614372840475,0.7436612458697093,2,166,0.27536106483044026,2.4732166728010935e-10,0.3341508880125038,0.033276434648297444,-0.19418161030979603,8,9,16,5
0.15853992159273106,14,0.2765196017429566,0.7225161415288041,0.17385088555830466,0.3511958826540614,0.3511958826540614,1,3,2,3,13.015379642992757,0.5529204858997097,1.1780732989325178,13,3,0.9079933224968373,0.061518571971028245,1,1,0.10601960016884525,1e-06,0.21560715486202292,0.8923949750047059,0.374147076454754,0.4070670818669936,0.9946803581309726,0.5512760645101925,2,167,0.34784316230207374,1.0712610269286957e-10,0.4657146690960129,0.015090133301286602,-0.1777075854886615,9,11,16,7
0.12041621479055513,14,0.17879490673513532,0.6203331968585389,0.13566684215002914,0.17063303886536363,0.17063303886536363,1,2,2,3,13.00942592151152,0.624258837709075,1.1505083985854248,13,3,1.0411921489941858,0.037703686046080716,1,1,0.09980398109781363,1e-06,0.1649232989142008,0.8933424142666337,0.2853395137047559,0.31023754237293516,0.9905497518577587,0.6341702236815295,2,168,0.18695728908727371,1.70423741229212e-10,0.4319122928161831,0.05661346235398679,-0.19517717033726376,11,5,16,5
0.15741253629382498,14,0.0859052771637695,0.5679940341222733,0.1844137313608331,0.09061834880995664,0.09061834880995664,1,3,2,2,14.00130101647257,0.5130069505971616,1.139282152054147,14,3,1.0659738870474,0.005204065890281245,0,1,0.10486770102388689,1e-06,0.21718054623481453,0.8835945149158733,0.37459308252863954,0.2638371011843453,0.9963495441139693,0.6942800344158716,2,169,0.12037276650580814,2.544862112693716e-10,0.4261922452587295,0.03763005787328781,-0.18493707727625855,10,2,16,6
0.22634043840494017,14,0.20063563020653108,0.7197620086745855,0.17843639218486462,0.28515426472849886,0.28515426472849886,1,2,2,3,13.010108866023602,0.5878048707368813,1.2649010107008145,13,4,1.047441492478703,0.04043546409440462,1,2,0.10048828447264473,1e-06,0.3146530920830621,0.8087775825580105,0.5409935304880022,0.3523990347602276,0.9913000091868294,0.4895511637403325,3,170,0.2925033225941479,1.1073100762925106e-10,0.40843867920544363,0.04491888106051172,-0.2388847619949142,6,8,16,3
0.12296964127424659,14,0.10675692420761962,0.40195385163736475,0.2305916180312961,0.09362834750350746,0.09362834750350746,1,3,2,2,13.020527657939134,0.4837194980608385,1.1545948734340663,13,3,1.0938472421799836,0.0821106317565353,1,1,0.10709532753991378,1e-06,0.1722864140821754,0.9105304377761588,0.29525605535642196,0.2564083403602409,0.993763399033257,0.6897565231696857,2,171,0.11072220249362813,8.055026220743054e-11,0.3820132773836139,0.048930300754001135,-0.1563958215827207,11,3,16,4
0.1115475786872918,15,0.2597250566279281,0.4982495700694659,0.17885633210787283,0.3256795395144664,0.3256795395144664,1,2,2,3,14.023353613747874,0.4319147438195519,1.1530397878887186,14,3,0.8885072636231973,0.09341445499149525,1,1,0.11115059536413355,1e-06,0.15753702849944226,0.9169080921562323,0.26908460718673405,0.4426370381263457,0.9974678069306951,0.7652561579576792,4,172,0.31732525606824213,4.226467623088241e-10,0.4912983450843148,0.04962491278330921,-0.17588139413612314,9,9,17,5
0.09494611652469491,14,0.10193776588727686,0.5389431614839938,0.15115591185818544,0.15036395160243438,0.15036395160243438,2,3,2,3,13.022397215960465,0.5604480477098676,1.1346449060397545,13,3,1.0709279187842455,0.08958886384186457,1,2,0.10847394486836039,1e-06,0.13519044818984946,0.8095923468052109,0.23013656471454436,0.24653328508273226,0.995388948586634,0.6586724249731183,3,173,0.1547508222928176,1.1626794215301257e-10,0.46720592499364016,0.03950169149898331,-0.17005460281569298,11,2,16,5
0.19691716192930245,14,0.22583873098912552,0.5537643986319928,0.17522291839095594,0.23584756589400271,0.23584756589400271,1,2,2,2,13.015107222720722,0.5130814348792906,1.1443723117997833,13,3,1.0264552367144166,0.060428890882891405,1,1,0.11207159892325998,1e-06,0.2827262843326809,0.8610138465710966,0.47964344626198335,0.3198364809314911,0.9959006644502234,0.6567620138012112,3,174,0.25383036165658773,3.48655848346194e-11,0.41868694230768455,0.05030842285189151,-0.23045696615351358,9,6,16,6
0.12662226206200966,14,0.14814220067513498,0.6928255561574174,0.21591920122791056,0.23566317967568579,0.23566317967568579,1,2,2,2,13.010069375256183,0.5699545630520318,1.1232003453922152,13,3,0.9026533890495967,0.04027750102473325,1,1,0.11066967592587833,1e-06,0.18334302754573056,0.8802917217333743,0.3099652896077402,0.34324843136595007,0.9913986612495159,0.5582301079726948,2,175,0.23974117189620356,1.2901781158030072e-10,0.39228135625856725,0.04202632672146425,-0.25189686839828856,9,5,16,4
0.09531698582302515,14,0.308525030013198,0.784486956889977,0.15245659045626114,0.3596658342722409,0.3596658342722409,1,3,2,3,13.026044457484952,0.5813545910564403,1.1415952133674536,13,3,0.9679881250235661,0.10417782993980486,1,1,0.10934764285919926,1e-06,0.1392016662582927,0.8957168598283254,0.23451865208131784,0.3597570963454733,0.9947850166940303,0.6092391370249329,2,176,0.35041969988814786,1.5273147662102686e-10,0.3937366218302611,0.053568552606123684,-0.21186926361764447,7,11,16,4
0.07626010208705995,14,0.09809184341439484,0.3368370073782257,0.19002782861227419,0.08138528935309988,0.08138528935309988,0,4,2,3,12.027218626792559,0.5823735074578604,1.097899045181617,12,3,1.0918809513627215,0.10887450717023583,2,1,0.1093668557645298,1e-06,0.11233871018524955,0.876938890633336,0.1885988122723095,0.23758310024875962,0.9864401588028833,0.6542228661143453,2,177,0.09326394627630946,6.854623436218974e-11,0.41259018013992343,0.03920925123508834,-0.18171163971869472,11,3,16,5
0.07993224484322217,14,0.29066997130661,0.8240532669179734,0.2550800042988267,0.395643367545807,0.395643367545807,1,3,2,3,13.019850191855472,0.5612687760786471,1.0876433007095003,13,4,0.8962475900468617,0.07940076742188648,1,1,0.1092846676064746,1e-06,0.1187790843644499,0.8556004041960644,0.19871132920767207,0.4801361125198154,0.9917957497841974,0.6443796805170326,4,178,0.37625639829395174,7.04624617935112e-11,0.35851255728492465,0.044158061659324316,-0.2197324097522669,7,9,16,5
0.13286938576057264,14,0.3026534905561632,0.6749316130136317,0.18615539848223503,0.3073901071862177,0.3073901071862177,1,2,2,2,13.020875740996956,0.5274041952277989,1.1388825402072746,13,4,1.0584446064093918,0.0835029639878264,1,2,0.11234388276434144,1e-06,0.19918037945867245,0.8390501242026058,0.3320497652192451,0.3500494494579071,0.9900816964815374,0.6319943530837291,2,179,0.30640670637856016,5.072116414945582e-11,0.46535900253385365,0.015456747318662388,-0.18884982036018585,8,7,16,6
0.0993702145535328,14,0.2255305577863008,0.6246666746402637,0.25223775625584455,0.2556284695075728,0.2556284695075728,1,2,2,3,13.012815947948267,0.5181839038469939,1.1342357208710123,13,2,0.9837751923536152,0.051263791793067115,1,1,0.11164741512748087,1e-06,0.15027576002117266,0.8810143016884125,0.24964597457470544,0.36920913352413764,0.9985031253658461,0.552114700223653,3,180,0.2511057356208452,4.157505581461825e-11,0.3950472779226848,0.06621982927619066,-0.22500686158758956,8,7,16,7
0.18412652474601574,14,0.1679806862375063,0.4789425966129592,0.1933573094855754,0.214808159622308,0.214808159622308,1,3,2,3,13.024425525642721,0.5973655993492387,1.1291487206362922,13,2,0.9492074435451856,0.09770210257088824,1,2,0.10818202101809694,1e-06,0.2809034915184098,0.827370469580782,0.4650300162644255,0.26780033972433653,0.9955733224210532,0.613989312381067,1,181,0.2256264827792189,2.3625150529299127e-10,0.4857655706640203,0.029395610237700005,-0.20841478991458862,7,6,16,4
0.1047403360848481,14,0.21368949757639355,0.576489651418387,0.20837779810723675,0.266103678080373,0.266103678080373,1,2,2,3,14.005696539603065,0.505675697619485,1.1403937434374083,14,3,1.0106868601808459,0.022786158412255737,0,2,0.11622922516348044,1e-06,0.1611941788839897,0.8397535067676148,0.2659345149688378,0.4186240509468909,0.9905220112654609,0.5327012003865007,3,182,0.2661323097880884,7.687646536545933e-11,0.4428513976343045,0.05236756265550485,-0.1719312224617527,8,10,16,4
0.11470572806650028,14,0.1860535967431805,0.4653456630352041,0.21036477917698612,0.20363506414528376,0.20363506414528376,1,3,2,3,13.021839046208635,0.55404596571047,1.1581921116918625,13,4,1.303281604477671,0.08735618483454095,1,1,0.11392105505761825,1e-06,0.1780701625214028,0.8926190600663522,0.2927758905879031,0.29783321653937095,0.991497176560016,0.5738051066097203,2,183,0.20549887711999054,4.0226572939917924e-12,0.4414528687173695,0.03502551818735137,-0.18159677636461813,10,5,16,4
0.08626178774373477,14,0.08757078691184887,0.4506391680438388,0.27044272378496825,0.10870534338235127,0.10870534338235127,1,3,2,3,13.02058391826404,0.5096331456534643,1.03141299381228,13,3,1.1140807140232782,0.0823356730561596,1,1,0.11399796381131076,1e-06,0.13507056807189705,0.8953155600077499,0.22133235581563185,0.19210485952734704,0.9942005599185572,0.6247298899961794,2,184,0.11797752717827703,1.6985674779118674e-10,0.44911134991580076,0.03477155238674068,-0.19788029387621467,10,3,16,6
0.09630587131657171,14,0.2687829892930187,0.8705784521022588,0.16892344677001742,0.3689349251873997,0.3689349251873997,1,2,2,3,13.01748012590049,0.5764277032344236,1.096473436131939,13,4,1.1475059929127103,0.06992050360196084,1,1,0.11326143888250412,1e-06,0.15208499627139047,0.9139277440232387,0.24839086758796217,0.3682621395600777,0.9943040301040509,0.7057826236090707,2,185,0.35627112672725525,3.4160655496310803e-10,0.3496071133429174,0.05764766460203402,-0.24368419087941884,8,8,16,5
0.08793838859489381,14,0.1728561964243647,0.6924539567237654,0.24576578325686224,0.32093775065714897,0.32093775065714897,1,2,2,3,13.025318969273496,0.5992921906601033,1.0839977622028043,13,3,1.0441705670468133,0.10127587709398574,1,2,0.11228015221317618,1e-06,0.14003872983538704,0.8028387473601288,0.22797711843028085,0.39570037211018405,0.9938777312559168,0.413148229002433,4,186,0.30104256805471946,1.59257184592228e-10,0.4613660851904175,0.027315872585294037,-0.18931015762041076,6,10,16,4
0.09939306874187884,14,0.26410146551208896,0.7357214947442279,0.21032033683838192,0.3764322040965322,0.3764322040965322,0,3,2,3,13.021912952095182,0.619966062620874,1.1052719663251411,13,3,1.017155222916234,0.08765180838072928,1,1,0.1142776891260745,1e-06,0.1595865275672557,0.8529426707030868,0.25897959630913453,0.5504469788473365,0.9964864805966888,0.6080712759451572,3,187,0.36467787497491044,2.1150925392209895e-10,0.4312925089366468,0.0448753387754081,-0.2006905666576402,7,11,16,6
0.11652577217130533,14,0.31028239147912023,0.7320502355652124,0.15218480516404073,0.3749207598578015,0.3749207598578015,1,3,2,3,13.02386529559582,0.5756525892708659,1.0554505925034028,13,3,0.9747565078075466,0.09546118238327897,1,2,0.10990457327579702,1e-06,0.18860656468600417,0.8151538572161809,0.3051323368573095,0.3230524706751645,0.9957657279963963,0.6456148046003705,3,188,0.3609268949613136,2.836687135635768e-11,0.43221870914870475,0.07833791348479979,-0.1380376213375963,6,10,16,5
0.17549297200214775,14,0.13544120897256565,0.591488327159358,0.1975362024144858,0.22475381364810038,0.22475381364810038,1,2,2,3,13.016223534618936,0.5351595100937312,1.097005620839927,13,3,1.0613275336004784,0.06489413847574041,1,1,0.11832728814720972,1e-06,0.2862881799060267,0.8897090119910132,0.4617811519081745,0.32712308904091963,0.991103975920065,0.6459922081878688,4,189,0.2356056413329545,8.565091371179406e-11,0.3623132932487997,0.03727555970851343,-0.17853310382239843,9,5,16,5
0.10566434440301666,14,0.19875357763733026,0.6581649160493119,0.1946735398465734,0.2695856472546609,0.2695856472546609,1,3,2,3,13.009576575831558,0.5514618335648045,1.0719563274575714,13,3,1.147890829850023,0.03830630332622702,1,1,0.1155768210615454,1e-06,0.1736942118134587,0.9078433982626336,0.2793585562164754,0.3794165157273915,0.9938879088709726,0.5740353270089618,3,190,0.2684008868772703,2.0191859419397945e-10,0.4094686943476603,0.050583160158469725,-0.21323184082352653,10,7,16,7
0.11655610863543851,14,0.17888763050699258,0.6101790177085846,0.1761477747165603,0.2065977098419112,0.2065977098419112,1,2,2,3,12.031728645827673,0.5737376221951117,1.1499558515875137,12,4,1.2203333521949327,0.12691458331068983,2,1,0.1170149490586734,1e-06,0.19301887837028514,0.854285328129771,0.30957498700572367,0.33406946625513934,0.9951178079306248,0.6276350780912788,2,191,0.20688752251325884,3.0965990587574075e-10,0.4106164755049915,0.025484752531466162,-0.22282213104744245,8,6,16,5
0.15679431880363495,14,0.22576678995638813,0.5625307486835031,0.1897047623846305,0.2745260801669523,0.2745260801669523,1,3,2,3,12.027338580615407,0.5737877469989224,1.024560730715407,12,3,1.3148360137775756,0.10935432246162703,2,1,0.11941034580998154,1e-06,0.261509936491075,0.8656371109981424,0.41830425529471,0.3645072411685939,0.9942839199783423,0.5534365584707688,3,192,0.27190051724202036,1.499013696901709e-10,0.3735518171700893,0.04130554008533496,-0.20860283512203373,9,7,16,5
0.1542208170710765,14,0.31516548311426756,0.7226439093439715,0.13976456934824785,0.3741243161783664,0.3741243161783664,1,2,2,3,13.025707169924901,0.6181846771273364,1.0811564423062614,13,3,0.9867643336315823,0.10282867969960341,1,1,0.1121603122567317,1e-06,0.2589823224489711,0.8837084629087077,0.4132031395200476,0.5187973130995053,0.9968984591806794,0.5512818336878407,3,193,0.36477344569439096,3.1190291382133834e-10,0.3742721277637454,0.043277527192387005,-0.22402705527410893,8,9,16,4
0.10997851800623683,14,0.26471800261559664,0.6674846443944729,0.18899864239663383,0.36813069008787513,0.36813069008787513,1,1,2,3,13.016150262729484,0.5287108035724735,1.0583753021093056,13,4,1.028235176870053,0.06460105091793794,1,2,0.12210009882388602,1e-06,0.1858966349778071,0.8067291398865254,0.29587515298404393,0.4718508656458017,0.9957185444939005,0.5545130222884652,3,194,0.35131379806118623,3.6975126786992245e-11,0.43907597658655007,0.04681440596200906,-0.20291204441769528,8,9,16,5
0.017562136752578502,14,0.2128271420044258,0.684946227303389,0.18493792439968668,0.2460136783287022,0.2460136783287022,1,2,2,2,13.022434509917327,0.5090098104368566,1.09827124452923,13,3,1.170361395353891,0.08973803966930403,1,1,0.12026790338637663,1e-06,0.029870078786624402,0.8648140960061956,0.047432215539202904,0.3673828478814705,0.9965277989069802,0.5807757382675134,3,195,0.2303071224243779,1.936171076415232e-10,0.4079257646544983,0.05986809538047677,-0.17947093720320656,10,5,16,5
0.1186324733585905,14,0.3312048616321316,0.683597533858433,0.13120588615560175,0.33730699498351896,0.33730699498351896,1,2,2,3,13.02637832137411,0.5839785560471776,1.0752762797689344,13,4,1.1124627872532555,0.10551328549644245,1,1,0.11769636989167266,1e-06,0.20295914796796882,0.8571080773026255,0.32159162132655933,0.3356679788100293,0.99624091365496,0.6561877531028103,2,196,0.3296116053585502,1.2447682569230663e-10,0.47140373889255366,0.017245169514474325,-0.22644686590405788,7,9,16,5
0.1285461169575039,14,0.13316237136001186,0.4435008588241767,0.1346722731773689,0.16456992073484078,0.16456992073484078,1,3,2,3,13.022043042844757,0.5588643534575688,1.0760041740189357,13,2,1.1789770827707853,0.08817217137902833,1,2,0.11668583597593865,1e-06,0.22113271937045825,0.7878055517377917,0.34967883632796215,0.18472006810082364,0.9913634084517953,0.6993402363836283,3,197,0.17630444457864136,6.844948911384969e-11,0.45951381455196033,0.03627445641621493,-0.23005308847311773,9,6,16,6
0.11443845527871827,14,0.13842191030606585,0.46538349146340274,0.22121233487239494,0.17298849112540432,0.17298849112540432,1,2,2,3,13.017224366356887,0.49641357816952025,1.1031538567350925,13,4,1.1102324068650444,0.0688974654275464,1,2,0.11907532187004867,1e-06,0.19787490088626208,0.7770579248373398,0.31231335616498035,0.26626633603403216,0.9946766315314703,0.6725510441177835,3,198,0.18048718009310435,4.749155561088956e-12,0.3563232576044515,0.07194736122674172,-0.2209091175161917,9,8,16,4
0.13572860738736398,14,0.24849232041796093,0.797793274300463,0.18543938035459032,0.31912121260165466,0.31912121260165466,1,2,2,3,13.016500680003514,0.5727326642336539,1.0714479275811255,13,4,1.0817397397968178,0.06600272001405372,1,1,0.12825669685708185,1e-06,0.23579991989387272,0.8663058616339314,0.3715285272812367,0.3852726703692082,0.9995408112606388,0.6567900774128338,2,199,0.31460054206850724,1.8283485265042081e-10,0.3956608712505594,0.04147797370852935,-0.1915264527643321,7,8,16,4
0.11941750658621814,14,0.19713079519987525,0.5278485008275062,0.1824859696793851,0.22385470247049777,0.22385470247049777,1,3,2,3,13.022691445867741,0.5077484151284081,1.0905832730469736,13,3,1.0790454002994911,0.0907657834709665,1,2,0.12266104390595017,1e-06,0.20836094661340096,0.8397371793698772,0.3277784531996191,0.29037892713503255,0.9922263855918115,0.5616304027819187,3,200,0.22435663979670833,3.336029230584954e-10,0.41926872660867914,0.03689137390761712,-0.2021178521963861,9,6,16,4
